,ÃŠcommunityname,state,countyCode,communityCode,fold,population,householdsize,racepctblack,racePctWhite,racePctAsian,racePctHisp,agePct12t21,agePct12t29,agePct16t24,agePct65up,numbUrban,pctUrban,medIncome,pctWWage,pctWFarmSelf,pctWInvInc,pctWSocSec,pctWPubAsst,pctWRetire,medFamInc,perCapInc,whitePerCap,blackPerCap,indianPerCap,AsianPerCap,OtherPerCap,HispPerCap,NumUnderPov,PctPopUnderPov,PctLess9thGrade,PctNotHSGrad,PctBSorMore,PctUnemployed,PctEmploy,PctEmplManu,PctEmplProfServ,PctOccupManu,PctOccupMgmtProf,MalePctDivorce,MalePctNevMarr,FemalePctDiv,TotalPctDiv,PersPerFam,PctFam2Par,PctKids2Par,PctYoungKids2Par,PctTeen2Par,PctWorkMomYoungKids,PctWorkMom,NumKidsBornNeverMar,PctKidsBornNeverMar,NumImmig,PctImmigRecent,PctImmigRec5,PctImmigRec8,PctImmigRec10,PctRecentImmig,PctRecImmig5,PctRecImmig8,PctRecImmig10,PctSpeakEnglOnly,PctNotSpeakEnglWell,PctLargHouseFam,PctLargHouseOccup,PersPerOccupHous,PersPerOwnOccHous,PersPerRentOccHous,PctPersOwnOccup,PctPersDenseHous,PctHousLess3BR,MedNumBR,HousVacant,PctHousOccup,PctHousOwnOcc,PctVacantBoarded,PctVacMore6Mos,MedYrHousBuilt,PctHousNoPhone,PctWOFullPlumb,OwnOccLowQuart,OwnOccMedVal,OwnOccHiQuart,OwnOccQrange,RentLowQ,RentMedian,RentHighQ,RentQrange,MedRent,MedRentPctHousInc,MedOwnCostPctInc,MedOwnCostPctIncNoMtg,NumInShelters,NumStreet,PctForeignBorn,PctBornSameState,PctSameHouse85,PctSameCity85,PctSameState85,LemasSwornFT,LemasSwFTPerPop,LemasSwFTFieldOps,LemasSwFTFieldPerPop,LemasTotalReq,LemasTotReqPerPop,PolicReqPerOffic,PolicPerPop,RacialMatchCommPol,PctPolicWhite,PctPolicBlack,PctPolicHisp,PctPolicAsian,PctPolicMinor,OfficAssgnDrugUnits,NumKindsDrugsSeiz,PolicAveOTWorked,LandArea,PopDens,PctUsePubTrans,PolicCars,PolicOperBudg,LemasPctPolicOnPatr,LemasGangUnitDeploy,LemasPctOfficDrugUn,PolicBudgPerPop,murders,murdPerPop,rapes,rapesPerPop,robberies,robbbPerPop,assaults,assaultPerPop,burglaries,burglPerPop,larcenies,larcPerPop,autoTheft,autoTheftPerPop,arsons,arsonsPerPop,ViolentCrimesPerPop,num_violent_crimes
54,Toledocity,OH,95.0,77000.0,1,332943,2.54,19.7,76.96,1.05,3.97,14.78,28.65,14.52,12.25,332943,100.0,24819,71.86,0.36,36.37,28.93,12.29,18.44,30980,11894,13077,7722,9450,12415,7272.0,7817,62426,19.09,8.57,26.84,14.06,9.92,55.56,19.58,26.72,18.52,22.88,11.86,34.15,15.15,13.62,3.13,62.64,58.92,68.72,65.53,57.77,66.3,15969,6.0,9263,19.16,27.39,32.16,37.1,0.53,0.76,0.89,1.03,93.15,0.8,5.59,3.65,2.5,2.64,2.28,64.11,1.95,47.33,3,11242,92.09,60.65,13.37,48.67,1951,5.49,0.34,33800,48900,68500,34700,210,286,365,155,378,27.2,17.0,13.9,260,12,2.78,76.14,56.77,88.0,93.19,683.0,210.82,551.0,170.08,351211.0,108407.8,514.2,210.8,97.91,78.77,16.98,4.1,0.0,21.08,30.0,12.0,89.3,83.5,3988.5,3.0,222.0,41348280.0,80.67,5.0,4.39,127629.2,45,13.89,357.0,110.19,1594.0,492.02,1195.0,368.86,5502.0,1698.29,15251.0,4707.51,4517.0,1394.26,357.0,110.19,984.96,7910.25
55,Philadelphiacity,PA,101.0,60000.0,1,1585577,2.63,39.86,53.52,2.74,5.63,13.92,28.02,14.12,13.74,1585577,100.0,24603,70.12,0.35,32.15,31.63,13.98,18.2,30140,12091,15027,9061,10146,8285,5083.0,6053,313374,20.27,11.29,35.69,15.22,9.62,52.77,13.58,29.55,14.13,24.81,10.62,42.11,14.12,12.53,3.26,53.45,47.22,62.33,56.66,54.09,62.23,138864,11.53,104814,16.38,24.3,33.12,42.58,1.08,1.61,2.19,2.81,86.31,2.63,8.48,5.42,2.56,2.75,2.25,66.55,4.69,42.28,3,71824,89.36,61.95,21.96,59.26,1939,4.25,0.88,27900,49400,77100,49200,252,358,483,231,452,29.8,19.3,14.8,3416,1069,6.61,73.58,64.33,88.86,92.65,6523.0,426.38,6519.0,426.12,5480855.0,358261.41,840.2,426.4,79.54,73.48,23.18,2.84,0.0,25.95,273.0,14.0,39.9,140.0,11326.0,29.31,822.0,287578496.0,99.94,0.0,4.19,187978.5,439,28.7,785.0,51.31,11531.0,753.74,6821.0,445.86,15117.0,988.14,39181.0,2561.1,23785.0,1554.73,2282.0,149.17,1279.6,5253.14
58,Lynchburgcity,VA,680.0,47672.0,1,66049,2.63,26.41,72.45,0.76,0.72,17.79,29.84,18.19,14.33,66049,100.0,23726,72.25,0.63,39.06,35.02,7.54,17.2,30141,12657,14721,7200,12833,6139,8400.0,7231,9889,16.45,13.61,30.52,21.74,5.97,56.27,19.31,31.2,14.92,27.39,9.43,34.52,12.67,11.25,2.98,64.0,59.7,69.62,69.8,63.78,72.3,2858,5.88,1108,30.69,43.05,47.02,50.54,0.51,0.72,0.79,0.85,96.8,0.35,3.95,2.64,2.39,2.52,2.21,61.35,1.83,47.28,3,2090,92.33,58.2,4.31,40.48,1960,7.07,0.29,38200,56900,80300,42100,179,272,353,174,346,24.7,16.9,12.6,47,0,1.68,70.07,52.6,73.84,86.06,138.0,205.48,123.0,183.14,61164.0,91072.1,443.2,205.5,81.87,90.58,9.42,0.0,0.0,9.42,8.0,8.0,38.7,51.2,1290.5,3.33,62.0,5585480.0,89.13,0.0,5.8,83166.8,3,4.47,45.0,67.0,107.0,159.32,351.0,522.63,560.0,833.83,2316.0,3448.48,184.0,273.97,50.0,74.45,753.42,4630.73
99,NewHaventown,CT,9.0,52070.0,1,130474,2.66,36.14,53.85,2.41,13.22,17.06,34.55,19.17,10.81,130474,100.0,25811,73.04,0.47,37.07,26.28,14.61,12.75,31163,12968,16127,9616,7750,11739,7014.0,7420,25481,21.29,11.86,28.97,26.7,9.25,56.71,16.41,37.38,14.02,30.0,10.37,50.43,14.2,12.44,3.16,45.44,38.63,53.9,44.87,50.49,60.14,12972,15.07,10633,23.59,31.16,38.39,46.52,1.92,2.54,3.13,3.79,79.35,3.93,7.07,4.13,2.41,2.65,2.3,34.96,4.9,67.53,2,5071,90.62,31.78,10.18,32.97,1943,7.53,0.49,110400,145000,189200,78800,332,487,594,262,568,30.0,23.5,14.9,1344,16,8.15,53.51,45.53,77.29,81.55,390.0,326.08,350.0,292.63,145000.0,121233.4,371.8,326.1,74.62,79.23,17.44,3.33,0.0,20.77,12.0,10.0,167.4,19.5,6679.9,9.54,100.0,17939552.0,89.74,5.0,3.08,149991.2,22,18.39,130.0,108.69,1238.0,1035.08,1154.0,964.85,3417.0,2856.93,7719.0,6453.8,1873.0,1566.0,134.0,112.04,2127.02,10988.76
122,Springfieldcity,OH,23.0,74118.0,1,70487,2.59,17.38,81.61,0.51,0.65,16.05,28.26,15.37,13.59,70487,100.0,21407,69.94,0.31,30.37,31.35,14.47,20.99,26838,10648,11196,8112,5418,15847,3530.0,7654,13999,20.87,9.79,31.67,10.88,8.74,53.25,23.26,27.3,21.54,21.14,12.56,30.85,15.9,14.39,3.06,62.98,58.23,65.59,60.85,59.71,65.42,2855,5.0,765,15.42,20.0,22.48,26.93,0.17,0.22,0.24,0.29,97.1,0.28,4.94,3.37,2.47,2.53,2.41,56.97,2.14,51.98,2,2315,92.17,55.8,8.42,46.39,1946,8.94,0.58,31300,42000,58600,27300,180,247,316,136,351,27.6,17.1,13.1,2,8,1.09,78.59,50.9,84.72,91.94,101.0,142.86,94.0,132.96,108785.0,153872.8,1077.1,142.9,86.22,94.06,3.96,1.98,0.0,5.94,6.0,9.0,52.8,20.2,3485.1,1.06,45.0,5653511.0,93.07,0.0,5.94,79967.1,6,8.49,59.0,83.45,208.0,294.21,786.0,1111.77,963.0,1362.13,4048.0,5725.76,457.0,646.41,6.0,8.49,1497.92,7742.79
150,UnionCitycity,NJ,17.0,74630.0,1,58012,2.81,5.11,74.68,2.09,75.62,13.67,29.54,14.16,9.09,58012,100.0,25655,78.71,0.44,24.77,20.77,13.18,9.8,27288,11089,11488,10870,15755,13355,9197.0,9996,10513,18.18,28.42,49.46,10.71,10.87,60.52,29.24,13.43,32.79,14.66,11.58,37.55,17.32,14.53,3.29,59.81,56.12,66.57,61.43,53.42,60.06,3156,8.03,31959,14.61,24.34,33.53,47.62,8.05,13.41,18.47,26.24,17.73,30.91,8.4,6.05,2.8,2.84,2.79,22.08,16.96,78.25,2,1980,91.24,21.76,2.37,36.21,1940,11.73,1.74,108200,150400,189700,81500,339,451,579,240,505,27.5,28.5,13.0,189,25,55.09,25.9,54.33,79.63,81.87,161.0,284.45,142.0,250.88,62373.0,110199.6,387.4,284.5,98.28,76.4,1.86,21.74,0.0,22.36,8.0,6.0,45.0,1.3,44229.9,27.8,50.0,12945918.0,88.2,0.0,4.97,228726.5,1,1.77,23.0,40.64,287.0,507.07,182.0,321.55,900.0,1590.11,1171.0,2068.9,538.0,950.53,7.0,12.37,871.02,4621.91
153,NewBrunswickcity,NJ,23.0,51210.0,1,41711,3.28,29.58,57.37,3.96,19.33,29.2,49.87,35.94,8.48,41711,100.0,28289,78.65,0.72,33.31,25.0,10.16,11.84,32966,11252,12735,9591,12237,9675,7729.0,7647,7561,21.96,15.92,34.0,23.41,8.85,57.84,15.94,32.03,15.01,23.85,7.62,61.76,9.73,8.74,3.25,50.14,42.94,59.12,44.96,67.51,73.06,2757,12.96,6989,24.7,37.73,50.91,63.13,4.14,6.32,8.53,10.58,72.41,7.03,10.59,6.86,2.7,2.71,2.69,32.54,10.53,65.85,2,845,93.77,32.33,7.46,31.01,1949,8.98,1.69,95600,126700,157000,61400,407,569,723,316,640,29.9,28.0,18.9,105,17,16.76,50.29,38.48,60.05,83.44,124.0,298.94,114.0,274.83,50000.0,120540.0,403.2,298.9,74.3,83.06,10.48,4.84,1.61,16.94,6.0,11.0,77.4,5.4,7709.4,12.35,49.0,6741975.0,91.94,0.0,4.84,162535.59,5,12.05,18.0,43.39,311.0,749.76,289.0,696.72,797.0,1921.41,1959.0,4722.76,337.0,812.44,19.0,45.81,1501.93,7502.41
173,Readingcity,PA,11.0,63624.0,1,78380,2.5,9.71,78.64,1.42,18.48,13.96,28.24,14.44,15.0,78380,100.0,22112,70.92,0.23,35.07,33.29,11.99,17.34,27277,11041,12217,8460,17292,6953,4718.0,5151,14857,19.41,16.1,41.57,8.52,8.63,56.74,29.52,19.46,26.73,15.93,12.3,35.98,15.56,14.07,3.1,55.5,49.62,60.51,59.62,59.54,64.73,5395,8.86,3362,17.85,28.82,40.04,46.82,0.77,1.24,1.72,2.01,79.15,5.07,6.74,4.2,2.44,2.55,2.3,58.42,4.07,44.82,3,2873,91.62,55.92,9.05,42.15,1939,6.52,0.75,27500,37700,52900,25400,217,292,374,157,352,26.7,17.4,13.5,172,0,4.29,76.71,55.06,86.36,90.72,158.0,201.59,136.0,173.52,59771.0,76262.8,378.3,201.6,82.44,96.2,1.9,1.27,0.63,3.8,10.0,9.0,228.2,10.1,7732.5,7.29,53.0,8284513.0,86.08,10.0,6.33,105703.5,6,7.66,42.0,53.59,555.0,708.13,334.0,426.16,1521.0,1940.67,3362.0,4289.63,585.0,746.41,52.0,66.35,1195.53,7043.06
248,Lindencity,NJ,39.0,40350.0,2,36701,2.55,20.01,76.76,1.5,7.36,11.36,23.9,11.29,17.89,36701,100.0,35911,74.02,0.3,47.87,35.94,6.09,20.49,42634,16308,17418,13048,11204,14454,8838.0,13246,2049,5.63,13.14,31.78,12.16,6.69,59.11,23.78,17.99,18.8,19.77,8.28,31.38,10.24,9.33,3.09,73.35,69.1,86.42,72.98,56.98,68.58,1058,3.99,5861,9.49,18.53,24.83,31.53,1.51,2.96,3.96,5.04,74.38,4.38,4.9,3.39,2.53,2.68,2.31,64.64,3.18,48.67,3,548,96.33,61.22,1.09,40.15,1953,2.09,0.1,126500,151800,175800,49300,411,528,637,226,594,25.1,23.5,15.4,0,0,15.97,62.65,68.53,88.45,94.29,124.0,337.39,116.0,315.62,30000.0,81626.0,241.9,337.4,78.37,98.39,1.61,0.0,0.0,1.61,12.0,9.0,124.2,11.2,3278.7,5.81,41.0,4967234.0,93.55,0.0,9.68,135151.8,1,2.72,8.0,21.77,90.0,244.88,96.0,261.2,359.0,976.79,982.0,2671.89,361.0,982.23,16.0,43.53,530.57,4674.45
264,Milfordtown,CT,9.0,47535.0,2,49938,2.65,1.52,96.79,1.03,2.31,11.88,24.75,11.72,12.78,49938,100.0,44142,82.47,0.45,54.56,28.5,3.14,19.69,50204,19099,19193,17452,17098,16650,11802.0,13952,1836,3.72,6.22,18.1,23.39,5.5,66.37,23.79,21.48,11.5,29.36,7.8,30.76,10.88,9.4,3.13,81.89,78.92,88.33,81.43,60.23,71.53,583,1.65,2604,8.64,12.52,15.86,19.12,0.45,0.65,0.83,1.0,92.42,0.64,4.03,2.89,2.62,2.75,2.21,79.93,1.0,37.39,3,1298,93.56,76.17,2.39,44.07,1955,0.66,0.23,150200,172400,210100,59900,507,656,818,311,748,26.1,23.3,14.2,50,0,5.21,66.29,66.71,83.52,92.45,106.0,215.92,94.0,191.48,34149.0,69561.2,322.2,215.9,94.64,93.75,0.0,0.89,0.0,0.89,6.0,6.0,129.5,23.4,2135.7,2.79,41.0,8771051.0,88.68,0.0,5.66,178665.59,0,0.0,7.0,14.26,44.0,89.63,16.0,32.59,358.0,729.24,1884.0,3837.69,432.0,879.98,5.0,10.18,136.48,5457.1
285,Newportcity,RI,5.0,49960.0,2,28227,2.52,8.08,88.65,1.41,2.8,15.96,33.02,18.56,11.59,28227,100.0,30534,76.45,0.83,46.51,24.97,9.15,20.36,37427,16358,17118,10426,11969,10783,7817.0,9853,3228,12.47,5.93,15.88,32.16,5.96,65.27,7.95,28.65,5.71,31.79,9.91,42.44,14.25,12.17,3.0,64.32,62.75,66.67,61.27,49.97,63.93,873,4.64,1473,20.37,25.12,31.64,37.14,1.06,1.31,1.65,1.94,92.04,0.93,4.5,2.56,2.31,2.41,2.24,43.35,1.45,52.94,2,1898,85.5,41.6,0.95,37.09,1939,3.64,0.25,121100,155000,199000,77900,355,525,668,313,593,27.7,24.4,15.5,41,0,5.22,44.17,41.9,65.93,69.73,91.0,378.47,83.0,345.2,49500.0,205872.59,544.0,378.5,96.34,92.31,6.59,1.1,0.0,7.69,7.0,6.0,169.2,8.2,3432.9,2.08,21.0,3692047.0,91.21,0.0,7.69,153553.8,1,4.16,16.0,66.54,49.0,203.79,219.0,910.83,499.0,2075.36,1479.0,6151.22,84.0,349.36,43.0,178.84,1185.33,8754.78
293,Pawtucketcity,RI,7.0,54640.0,2,72644,2.45,3.59,89.25,0.65,7.17,12.3,27.25,12.76,14.64,72644,100.0,26541,75.26,0.38,36.94,31.21,8.73,15.54,33679,12865,13432,8317,9445,7873,8015.0,8388,7632,10.59,16.58,38.37,13.06,7.98,63.08,34.24,18.49,24.48,18.51,9.85,32.3,12.85,11.47,3.06,68.65,66.06,75.72,74.32,66.15,75.63,1923,3.56,12868,11.7,20.31,27.7,34.73,2.07,3.6,4.91,6.15,71.6,7.46,4.17,2.73,2.42,2.67,2.22,50.5,2.86,57.32,2,1904,93.98,45.84,3.52,38.08,1941,5.0,0.77,93100,112500,132700,39600,263,374,460,197,437,25.8,22.7,14.4,8,1,17.71,63.63,58.07,88.05,89.06,145.0,211.63,135.0,197.03,75000.0,109461.9,517.2,211.6,89.94,99.31,0.69,0.0,0.0,0.69,16.0,8.0,69.0,9.1,8027.0,3.18,75.0,5500000.0,93.1,5.0,11.03,80272.0,2,2.92,29.0,42.33,117.0,170.76,166.0,242.28,1227.0,1790.8,1898.0,2770.12,768.0,1120.89,14.0,20.43,458.28,5702.23
341,Harrisburgcity,PA,43.0,32800.0,2,52376,2.43,50.6,42.59,1.76,7.68,13.47,27.42,13.13,11.54,52376,100.0,20329,72.71,0.24,26.71,26.84,16.52,17.42,24469,11037,14559,8724,9431,8139,5224.0,5424,14002,27.02,10.23,32.78,14.02,10.31,58.3,9.17,21.95,15.51,22.71,15.02,45.34,18.83,17.1,3.22,40.38,35.17,35.98,47.03,61.81,68.51,6983,16.82,1530,20.0,29.61,37.97,48.04,0.58,0.86,1.11,1.4,88.86,2.27,8.37,4.73,2.39,2.52,2.29,44.73,4.93,48.51,3,3070,87.52,42.43,16.74,54.59,1940,7.16,0.72,26000,38400,52400,26400,207,296,375,168,363,26.3,18.0,13.8,191,5,2.92,72.28,52.77,83.37,91.88,154.0,283.46,135.0,248.49,72216.0,132925.91,468.9,283.5,72.47,70.13,24.68,4.55,0.65,29.87,5.0,5.0,96.3,8.4,6234.9,12.67,48.0,6985438.0,87.66,10.0,3.25,128579.0,13,23.93,67.0,123.32,539.0,992.12,525.0,966.35,1043.0,1919.82,2382.0,4384.48,407.0,749.15,22.0,40.49,2105.73,7093.95
343,Buffalocity,NY,29.0,11000.0,2,328123,2.4,30.65,64.75,0.99,4.92,14.22,29.24,15.1,13.29,328123,100.0,18482,66.5,0.45,32.46,30.98,18.69,17.32,23887,10445,12025,7727,7533,10150,4915.0,5442,81601,25.62,12.42,32.71,16.05,11.58,51.28,16.18,31.37,16.9,23.38,11.35,43.67,14.3,12.96,3.07,49.18,47.75,55.85,51.55,51.28,60.14,26762,10.52,14741,14.14,18.49,24.04,28.08,0.64,0.83,1.08,1.26,87.64,1.91,5.41,3.18,2.33,2.57,2.15,47.48,2.14,45.13,3,15535,89.78,43.14,11.36,51.63,1939,9.08,0.52,32100,46700,68200,36100,194,255,327,133,352,31.8,17.9,14.2,284,5,4.49,76.12,55.86,89.84,94.33,1032.0,330.35,968.0,309.86,547674.0,175314.59,530.7,330.4,88.85,74.32,19.19,6.01,0.0,24.22,33.0,12.0,25.2,42.1,7798.2,13.43,239.0,93674080.0,93.8,5.0,3.2,299857.81,76,24.33,295.0,94.43,2898.0,927.67,2772.0,887.34,7597.0,2431.86,12714.0,4069.85,5519.0,1766.67,434.0,138.93,1933.77,8407.3
369,Greenwichtown,CT,1.0,33620.0,2,58441,2.63,2.13,93.26,3.49,4.42,11.18,22.08,10.5,14.2,50576,86.54,65072,80.52,1.14,66.96,28.24,2.38,17.19,80558,46070,47531,12000,354,35788,9591.0,21643,1743,3.02,4.43,11.26,48.97,3.8,61.99,11.0,27.4,4.54,45.91,6.28,28.94,8.98,7.73,3.05,84.46,83.61,96.11,84.0,39.2,51.0,425,1.03,10199,26.59,32.92,39.65,45.32,4.64,5.75,6.92,7.91,82.25,2.6,4.45,3.2,2.6,2.76,2.26,72.03,1.34,32.15,3,1323,94.37,67.81,0.83,45.05,1952,0.98,0.33,349200,500001,500001,150801,577,875,1001,424,951,24.8,20.6,13.2,75,3,17.45,31.27,59.84,78.39,79.03,158.0,266.31,140.0,235.97,38325.0,64597.4,242.6,266.3,87.93,85.23,3.98,0.57,0.0,4.55,2.0,4.0,91.8,49.6,1178.4,15.77,36.0,9566593.0,88.61,0.0,1.27,161246.5,1,1.69,0.0,0.0,18.0,30.34,12.0,20.23,189.0,318.56,1044.0,1759.68,141.0,237.66,6.0,10.11,52.25,2326.01
372,Scrantoncity,PA,69.0,69000.0,2,81805,2.51,1.58,97.18,0.91,0.67,14.3,25.78,14.07,19.66,81805,100.0,21060,65.3,0.16,42.5,41.89,9.79,20.07,28431,11108,11214,5116,7741,10775,6250.0,4875,11907,15.22,11.05,29.59,13.59,6.55,51.58,19.77,26.23,19.89,21.09,8.61,35.01,10.41,9.61,3.08,70.47,68.06,76.85,74.45,54.78,63.29,1467,2.25,2090,10.77,15.5,23.3,28.23,0.28,0.4,0.6,0.72,93.41,0.57,5.18,3.37,2.37,2.61,2.09,59.12,1.18,44.5,3,2720,92.31,53.67,2.68,47.65,1939,2.71,0.43,40500,57100,78000,37500,176,252,329,153,320,26.1,18.7,14.3,38,1,2.55,85.83,65.97,89.72,93.83,140.0,174.79,139.0,173.54,60796.0,75902.0,434.3,174.8,97.89,99.29,0.71,0.0,0.0,0.71,8.0,7.0,119.6,26.1,3131.4,3.02,55.0,4791531.0,99.29,0.0,5.71,59820.9,2,2.5,26.0,32.46,86.0,107.37,117.0,146.07,487.0,608.01,1870.0,2334.64,241.0,300.88,25.0,31.21,288.4,3274.74
390,Montclairtownship,NJ,13.0,47500.0,2,37729,2.6,31.0,65.5,2.27,3.31,11.66,24.26,11.46,12.82,37729,100.0,52442,81.59,0.79,54.17,27.42,3.42,15.01,65842,28940,35800,15315,14554,29142,12375.0,16000,2223,6.03,4.26,13.03,49.32,5.41,67.38,11.44,34.44,6.51,47.81,8.2,35.32,12.41,10.52,3.11,73.15,71.24,89.87,73.25,70.25,74.62,990,4.1,4179,14.17,24.19,33.05,39.34,1.57,2.68,3.66,4.36,89.0,0.77,5.91,3.88,2.52,2.92,2.02,64.67,2.05,45.86,3,551,96.34,55.85,3.63,43.92,1939,1.02,0.27,208200,271700,371800,163600,525,670,859,334,741,26.6,23.1,17.6,20,3,11.08,46.31,57.71,79.98,86.97,98.0,255.89,94.0,245.45,35000.0,91391.0,357.1,255.9,84.89,80.61,19.39,0.0,0.0,19.39,4.0,4.0,142.9,6.5,5776.7,19.72,24.0,4288914.0,95.92,0.0,4.08,111990.9,0,0.0,7.0,18.28,70.0,182.78,118.0,308.12,588.0,1535.37,1371.0,3579.91,432.0,1128.03,5.0,13.06,509.18,6256.36
424,Irvingtontownship,NJ,13.0,34450.0,2,61018,2.75,70.08,22.43,2.17,10.58,14.76,29.55,13.99,8.45,61010,100.0,30529,80.91,0.28,25.34,22.77,11.57,10.7,35806,12982,14631,12601,14863,17166,8575.0,9385,7500,12.38,10.72,34.13,11.83,9.91,63.77,18.07,25.05,20.58,18.05,11.68,43.75,14.82,13.37,3.39,51.36,45.93,67.24,55.83,70.11,74.98,5949,14.4,12026,14.31,25.16,37.09,50.16,2.82,4.96,7.31,9.89,75.9,4.65,11.09,7.39,2.74,3.31,2.47,39.19,10.14,70.23,2,2130,91.24,32.44,5.16,28.73,1951,7.15,0.88,90000,116800,142500,52500,398,500,586,188,561,26.8,24.9,18.0,6,27,19.71,51.29,54.7,83.44,88.33,161.0,259.95,143.0,230.88,55000.0,88801.3,341.6,259.9,42.31,80.12,16.77,3.11,0.0,19.88,3.0,9.0,43.5,3.1,19984.9,19.9,55.0,9556840.0,88.82,0.0,1.86,154301.91,10,16.15,60.0,96.87,934.0,1508.01,497.0,802.44,1560.0,2518.73,2061.0,3327.63,2423.0,3912.1,33.0,53.28,2423.47,9811.74
425,Hobokencity,NJ,17.0,32250.0,2,33397,2.22,5.52,78.97,4.43,30.05,11.23,37.46,16.02,10.22,33397,100.0,34873,79.84,0.63,42.29,21.07,8.82,8.5,34321,20020,22940,9586,3841,13274,7070.0,7975,5363,16.39,17.29,30.22,39.71,6.16,67.21,16.71,22.68,10.48,40.99,8.39,52.26,11.77,10.12,3.01,58.31,52.81,64.07,63.67,48.9,56.09,1623,8.88,5610,14.14,19.45,27.79,38.06,2.37,3.27,4.67,6.39,59.41,8.8,5.5,2.65,2.17,2.19,2.17,21.8,6.17,82.19,2,2385,86.31,21.63,2.77,35.97,1939,4.91,0.71,194300,250000,302500,108200,309,511,750,441,560,25.1,25.6,23.4,77,0,16.8,38.93,54.85,69.08,77.74,131.0,390.62,114.0,339.93,50000.0,149093.5,381.7,390.6,100.0,77.86,4.58,17.56,0.0,22.14,13.0,11.0,0.9,1.3,25331.5,52.59,35.0,7425582.0,87.02,0.0,9.92,221421.2,2,5.96,4.0,11.93,81.0,241.53,172.0,512.88,444.0,1323.95,1311.0,3909.23,673.0,2006.8,1.0,2.98,772.3,7242.96
460,Meridentown,CT,9.0,46520.0,3,59479,2.56,4.29,89.66,0.7,13.69,12.01,26.89,12.0,13.05,59479,100.0,36211,78.79,0.37,46.43,28.93,6.44,18.35,41910,15618,16348,11356,14472,7914,7754.0,8389,4266,7.31,10.96,27.41,15.85,5.13,65.43,24.47,22.62,16.55,22.67,9.59,31.63,13.21,11.51,3.06,71.18,67.76,78.61,72.56,65.98,72.69,1478,3.36,3583,8.74,15.32,19.4,27.88,0.53,0.92,1.17,1.68,79.92,3.36,3.85,2.65,2.51,2.65,2.3,63.9,2.39,52.47,2,1586,93.61,60.55,1.64,31.9,1957,4.01,0.6,126500,146300,171100,44600,310,453,562,252,533,26.7,23.8,13.9,29,6,6.02,66.69,56.52,85.54,91.33,117.0,205.52,102.0,179.17,45167.0,79340.6,386.0,205.5,99.06,90.6,4.27,5.13,0.0,9.4,5.0,4.0,119.6,24.6,2417.9,0.75,40.0,4966561.0,87.18,10.0,4.27,87242.9,1,1.76,5.0,8.78,93.0,163.36,90.0,158.09,592.0,1039.91,1676.0,2944.07,300.0,526.98,9.0,15.81,332.0,4526.77
467,Eriecity,PA,49.0,24000.0,3,108718,2.58,12.04,86.05,0.47,2.4,15.17,28.31,14.98,14.58,108718,100.0,22032,70.09,0.28,41.21,33.49,12.93,19.63,27725,10715,11267,7488,9415,7945,3893.0,4455,20192,19.3,8.74,27.67,13.99,8.85,54.82,24.06,26.67,18.55,22.11,11.19,35.65,13.01,12.17,3.13,62.32,58.68,64.79,65.73,55.0,64.13,4815,5.55,2517,7.91,10.57,13.19,18.12,0.18,0.24,0.31,0.42,92.32,1.18,5.85,3.81,2.47,2.63,2.27,60.21,2.13,44.9,3,3293,92.75,56.58,6.8,52.9,1941,5.63,0.51,32800,43300,56200,23400,172,231,293,121,314,26.6,17.6,13.5,223,0,2.32,81.05,57.84,89.57,94.0,192.0,176.83,172.0,158.41,95767.0,88201.9,498.8,176.8,91.78,94.27,5.21,0.52,0.0,5.73,8.0,9.0,21.5,22.8,4772.8,3.82,76.0,5925705.0,89.58,0.0,4.17,54576.1,7,6.45,59.0,54.34,426.0,392.35,345.0,317.75,999.0,920.08,3261.0,3003.4,377.0,347.22,63.0,58.02,770.88,4328.73
496,Lancastercity,PA,71.0,41216.0,3,55551,2.62,12.24,70.87,1.96,20.56,16.38,32.09,16.79,11.04,55551,100.0,22210,74.84,0.49,35.4,27.96,13.56,15.54,27002,10693,12595,7320,8393,7129,4860.0,5023,11059,20.93,15.0,38.62,13.47,6.47,59.68,27.16,21.77,25.8,19.04,12.45,42.38,16.39,14.52,3.2,54.51,46.91,55.97,56.73,52.97,62.08,4983,11.97,2300,12.04,18.43,25.52,39.52,0.5,0.76,1.06,1.64,78.43,4.83,8.4,5.04,2.49,2.54,2.44,48.17,5.3,50.02,2,1279,94.31,47.2,5.47,36.28,1939,7.75,0.75,45800,59200,73400,27600,252,329,403,151,390,27.5,20.1,12.5,348,0,4.14,70.3,45.03,82.26,88.01,126.0,217.93,119.0,205.83,38927.0,67329.1,308.9,217.9,78.01,92.86,4.76,2.38,0.0,7.14,0.0,9.0,55.8,7.6,7270.3,5.48,37.0,5938633.0,94.44,0.0,0.0,102716.1,11,19.03,45.0,77.83,273.0,472.19,177.0,306.14,882.0,1525.53,2784.0,4815.28,313.0,541.37,30.0,51.89,875.19,6934.07
511,NewportNewscity,VA,700.0,56000.0,3,170045,2.66,33.57,62.58,2.33,2.77,13.82,31.25,14.76,8.59,170045,100.0,27469,82.66,0.3,32.82,19.97,7.74,17.48,31180,12711,15351,8154,11662,8806,9760.0,9523,23169,14.04,6.89,20.66,18.44,5.93,65.93,20.19,21.72,13.07,26.41,10.56,29.87,14.95,12.83,3.08,68.16,64.41,76.03,69.14,58.43,66.56,7374,6.41,6932,12.97,21.49,31.06,39.27,0.53,0.88,1.27,1.6,93.02,0.79,3.94,2.83,2.59,2.69,2.49,51.93,3.58,47.5,3,5776,91.72,50.03,3.83,33.24,1969,7.26,0.31,68000,85200,103800,35800,282,368,454,172,439,26.2,22.7,13.0,96,39,4.08,46.43,41.39,62.84,75.27,263.0,145.36,236.0,130.44,121431.0,67114.9,461.7,145.4,79.69,82.89,15.97,0.76,0.38,17.11,21.0,9.0,54.9,70.8,2401.8,2.9,194.0,14212889.0,89.73,10.0,7.98,78554.6,22,12.16,103.0,56.93,71.0,39.24,1334.0,737.3,2101.0,1161.22,7267.0,4016.47,684.0,378.05,63.0,34.82,845.63,5590.56
529,Warwickcity,RI,3.0,74300.0,3,85427,2.55,0.79,97.97,0.83,0.99,12.1,24.16,11.21,15.12,85427,100.0,35786,77.18,0.36,48.16,32.68,5.3,20.85,42120,16371,16393,13614,11080,18571,10244.0,15803,4078,4.84,6.04,22.18,21.26,5.44,63.59,19.95,23.88,12.08,27.59,7.91,28.01,10.64,9.37,3.08,81.43,79.06,91.95,76.32,64.43,72.52,768,1.18,3610,4.6,7.92,10.53,14.24,0.19,0.33,0.44,0.6,93.52,0.67,3.67,2.57,2.52,2.73,1.91,80.58,1.06,44.43,3,1704,95.15,74.41,2.23,36.85,1958,0.95,0.3,96900,116600,142700,45800,324,511,629,305,570,27.3,22.7,14.1,0,0,4.23,75.27,65.58,82.04,93.2,168.0,196.01,166.0,193.67,83631.0,97573.2,497.8,196.0,98.57,99.4,0.6,0.0,0.0,0.6,6.0,12.0,59.5,36.8,2322.5,1.76,68.0,11102485.0,98.81,0.0,3.57,129534.0,3,3.5,17.0,19.83,35.0,40.83,308.0,359.35,517.0,603.19,2444.0,2851.44,636.0,742.03,48.0,56.0,423.52,4252.66
531,EastBrunswicktownship,NJ,23.0,19000.0,3,43548,2.92,2.23,88.14,9.06,2.86,13.54,25.63,12.2,8.2,43548,100.0,58769,87.61,0.45,60.97,20.27,2.69,15.05,64076,24467,25146,22207,20160,18839,15212.0,21944,987,2.27,4.17,11.99,40.94,3.86,70.02,17.06,28.05,7.58,41.88,4.55,28.36,7.2,5.9,3.26,89.38,87.69,96.75,86.79,55.0,67.74,166,0.57,6093,11.88,19.37,29.26,36.89,1.66,2.71,4.09,5.16,81.48,2.02,4.34,3.59,2.92,3.03,2.31,87.6,1.48,32.03,3,474,96.92,84.3,1.05,36.92,1968,0.23,0.41,147700,190400,242200,94500,604,684,872,268,731,25.9,22.5,14.1,7,0,13.99,46.97,62.42,78.8,85.19,91.0,200.56,82.0,180.72,20600.0,45401.5,226.4,200.6,72.23,69.05,1.59,1.59,0.0,3.17,2.0,10.0,1.1,22.8,1910.5,10.0,56.0,4682670.0,90.11,0.0,2.2,103203.9,0,0.0,11.0,24.24,18.0,39.67,40.0,88.16,213.0,469.44,1186.0,2613.89,101.0,222.6,7.0,15.43,152.07,3321.36
540,Madisoncity,WI,25.0,48000.0,3,191262,2.47,4.24,90.72,3.91,2.03,18.9,38.0,23.7,8.17,191262,100.0,29420,84.32,1.07,58.6,18.4,5.16,12.5,40799,15143,15901,7610,9527,7522,7571.0,9247,28640,16.05,3.84,9.38,41.98,3.52,68.16,9.57,37.44,7.88,35.31,7.72,47.42,10.81,9.32,2.92,73.9,72.82,82.43,73.97,71.37,78.05,2909,2.85,10906,35.2,47.14,57.09,66.02,2.01,2.69,3.26,3.76,91.47,1.04,2.98,1.9,2.3,2.6,2.04,52.94,2.98,54.57,2,2686,96.64,46.96,0.97,21.78,1962,1.74,0.43,61500,75200,97200,35700,338,430,530,192,472,28.3,20.7,13.2,209,5,5.7,63.1,38.27,68.18,82.66,301.0,153.45,232.0,118.27,109422.0,55783.2,363.5,153.4,96.98,91.03,5.98,2.99,0.0,8.97,21.0,9.0,169.5,59.8,3196.2,7.74,105.0,25907512.0,77.08,10.0,6.98,132076.09,2,1.02,99.0,50.47,316.0,161.1,214.0,109.1,1606.0,818.74,7466.0,3806.15,913.0,465.45,56.0,28.55,321.68,5118.88
549,Elizabethcity,NJ,39.0,21000.0,3,110002,2.81,19.85,65.54,2.73,39.14,13.56,28.63,13.69,10.89,110002,100.0,27631,77.5,0.39,29.91,24.92,11.45,13.14,31478,12112,13481,8278,10404,14483,10425.0,10387,17451,16.12,20.43,41.52,11.46,9.91,59.6,26.38,17.05,29.2,15.65,10.05,38.32,12.97,11.56,3.35,63.73,57.18,70.54,63.06,59.37,65.04,6880,9.04,40594,15.67,25.69,35.29,48.06,5.78,9.48,13.02,17.74,43.38,17.17,8.86,6.14,2.76,3.17,2.57,36.4,11.54,68.25,2,2214,94.64,31.7,4.74,34.87,1946,8.53,1.08,107800,145400,173900,66100,351,456,553,202,520,26.2,25.3,14.6,61,43,36.9,43.19,55.21,80.06,86.54,296.0,277.03,276.0,258.31,121434.0,113650.1,410.2,277.0,79.06,86.49,5.07,8.45,0.0,13.51,22.0,14.0,141.9,12.8,8617.3,10.61,90.0,16541654.0,93.24,10.0,7.43,154813.41,17,15.91,42.0,39.31,878.0,821.72,464.0,434.26,1851.0,1732.35,4058.0,3797.88,2155.0,2016.86,23.0,21.53,1311.2,7568.62
553,Patersoncity,NJ,31.0,57000.0,3,140891,3.21,36.01,41.15,1.44,40.96,16.36,31.29,15.64,8.77,140891,100.0,26960,78.86,0.42,24.39,24.22,13.05,11.16,30145,10518,12273,9901,8640,10680,8160.0,8362,25677,18.54,22.45,45.12,8.71,11.04,59.88,29.5,19.19,28.8,14.08,10.4,42.05,14.73,12.67,3.63,55.05,47.23,66.38,56.74,61.01,67.56,14804,13.92,35355,16.58,28.56,40.54,53.0,4.16,7.17,10.17,13.3,50.16,14.47,14.25,10.68,3.14,3.36,3.03,36.0,14.33,65.12,2,2192,95.25,33.62,5.75,38.05,1948,11.33,1.17,100100,138700,170300,70200,324,444,554,230,524,28.4,24.2,18.1,252,94,25.09,46.96,54.62,86.17,89.55,352.0,253.22,314.0,225.89,109422.0,78716.9,310.9,253.2,67.85,73.01,14.77,11.65,0.28,26.7,36.0,11.0,71.0,8.7,16110.7,10.55,111.0,13726580.0,89.2,0.0,10.23,98747.4,23,16.55,78.0,56.11,1089.0,783.41,994.0,715.07,3260.0,2345.21,4079.0,2934.38,1823.0,1311.44,113.0,81.29,1571.14,6672.33
606,GreenBaycity,WI,9.0,31000.0,3,96466,2.51,0.47,94.22,2.32,1.1,13.75,28.94,13.74,11.22,96466,100.0,26770,77.3,0.52,50.43,26.38,8.46,12.54,33367,12969,13428,11094,5438,3552,6297.0,5166,12607,13.39,9.08,19.15,16.66,5.42,64.66,22.09,20.71,17.91,21.78,9.48,31.71,11.47,10.54,3.08,73.03,73.56,77.8,75.84,65.65,71.31,2155,2.83,2318,25.11,32.01,38.57,57.51,0.6,0.77,0.93,1.38,94.99,1.35,4.1,2.64,2.45,2.7,2.12,62.36,2.25,51.49,2,1343,96.62,56.56,0.6,30.01,1962,2.71,0.32,44400,55500,70900,26500,253,314,379,126,363,25.1,20.6,13.3,150,1,2.4,81.03,51.17,82.99,92.57,128.0,123.63,93.0,89.82,36500.0,35253.4,285.2,123.6,94.22,97.66,0.0,0.0,0.0,0.0,10.0,7.0,210.9,45.4,2124.3,2.18,28.0,8103698.0,72.66,10.0,7.81,78269.4,2,1.93,62.0,59.88,46.0,44.43,341.0,329.35,644.0,622.01,3368.0,3252.97,239.0,230.84,9.0,8.69,435.6,4114.51
615,Manchestercity,NH,11.0,45140.0,3,99567,2.47,0.97,96.97,1.1,2.13,12.69,29.69,14.17,12.17,99567,100.0,31911,79.96,0.5,44.61,25.99,5.86,13.83,38812,15111,15272,9625,8595,12818,8309.0,9600,8694,8.99,11.74,25.06,19.57,7.07,65.92,18.34,21.49,14.59,24.55,10.74,33.47,13.33,12.1,3.01,71.67,69.45,76.81,71.42,69.15,76.26,2089,2.99,6739,15.61,22.11,27.33,29.71,1.06,1.5,1.85,2.01,81.17,1.7,3.45,2.18,2.4,2.69,2.15,51.62,1.61,58.39,2,4023,90.93,46.04,2.11,23.39,1953,5.81,0.39,100500,118600,143300,42800,371,467,557,186,537,26.3,23.4,15.1,147,1,6.77,60.24,49.01,78.16,85.75,165.0,168.12,150.0,152.84,55519.0,56568.3,336.5,168.1,97.58,98.79,0.61,0.0,0.0,0.61,7.0,7.0,191.8,34.2,2910.9,1.41,33.0,8124523.0,90.91,0.0,4.24,82780.8,5,5.09,33.0,33.62,140.0,142.65,41.0,41.77,1277.0,1301.14,3536.0,3602.83,448.0,456.47,28.0,28.53,223.14,5388.97
646,Lakewoodtownship,NJ,29.0,38550.0,3,45048,2.75,14.11,79.77,1.42,10.32,12.49,24.83,11.68,17.97,44090,97.87,29211,62.72,0.27,46.58,40.55,7.14,20.68,35996,12967,13994,9428,5106,12153,6380.0,8242,6939,16.09,11.31,27.3,17.19,7.29,48.9,14.39,27.62,14.89,26.48,7.12,28.58,9.66,8.54,3.37,76.48,75.33,90.12,76.92,50.84,62.0,1808,5.11,4749,9.83,14.17,18.57,21.94,1.04,1.49,1.96,2.31,77.81,2.97,10.49,6.82,2.62,2.57,2.73,63.98,5.53,61.37,2,1536,91.41,65.4,2.28,53.91,1970,3.55,0.32,74400,109700,147500,73100,417,513,644,227,586,35.1,25.8,19.2,101,5,10.54,50.09,57.34,76.59,89.35,94.0,202.62,85.0,183.22,37500.0,80831.2,398.9,202.6,91.47,88.3,6.38,5.32,0.0,10.64,6.0,6.0,65.4,25.7,1751.5,3.9,36.0,7623750.0,90.43,10.0,6.38,164329.7,3,6.47,23.0,49.58,126.0,271.59,118.0,254.35,723.0,1558.42,1675.0,3610.46,208.0,448.34,39.0,84.06,581.98,5701.29
667,Daytoncity,OH,113.0,21000.0,4,182044,2.51,40.43,58.37,0.64,0.74,15.22,29.63,15.68,12.01,182044,100.0,19779,69.08,0.34,27.28,28.83,15.5,19.55,24819,9946,11312,8015,10592,9861,5529.0,9876,46480,26.53,10.74,31.66,12.29,10.39,51.62,18.62,25.98,17.69,21.74,15.52,38.43,19.24,17.53,3.1,49.22,43.22,51.14,48.38,49.49,58.68,15663,10.87,2606,12.24,18.0,29.36,35.99,0.18,0.26,0.42,0.52,96.11,0.37,6.17,3.98,2.41,2.47,2.35,52.22,2.96,54.84,2,7700,90.42,50.98,14.44,48.9,1946,8.83,0.55,31800,43200,56200,24400,172,253,321,149,329,29.3,17.8,13.7,406,5,1.43,67.44,51.74,85.18,91.36,506.0,282.17,396.0,220.83,213229.0,118905.1,421.4,282.2,75.77,82.61,16.8,0.4,0.2,17.19,12.0,12.0,256.0,57.0,3194.8,7.48,270.0,31776600.0,78.26,0.0,2.37,177199.2,49,27.32,269.0,150.01,1475.0,822.52,1129.0,629.58,4303.0,2399.53,9473.0,5282.53,2939.0,1638.91,260.0,144.99,1629.43,9465.95
674,WhitePlainscity,NY,119.0,81677.0,4,48718,2.51,19.03,73.65,3.07,14.16,10.76,24.85,11.54,13.51,48718,100.0,44004,80.23,0.51,54.79,27.89,4.71,14.66,56684,24330,27864,13741,14630,21738,10654.0,11419,3645,7.68,7.88,19.69,37.48,5.02,64.7,8.84,32.52,5.95,40.1,8.16,36.51,11.95,10.22,3.05,73.04,67.53,86.67,69.74,58.18,69.55,2181,6.71,10313,18.29,28.91,36.3,44.77,3.87,6.12,7.69,9.48,76.13,5.04,6.36,4.03,2.39,2.56,2.21,55.26,6.12,61.1,2,1282,93.81,51.63,0.94,36.19,1950,2.28,0.44,239300,296000,390400,151100,386,545,777,391,589,25.9,20.9,13.9,539,3,21.17,59.62,60.63,82.48,90.09,200.0,402.58,176.0,354.27,47951.0,96519.7,239.8,402.6,86.15,87.5,8.5,4.0,0.0,12.5,2.0,9.0,107.2,10.2,4794.1,18.8,56.0,12450292.0,88.0,0.0,1.0,250609.7,0,0.0,7.0,14.09,84.0,169.08,91.0,183.17,205.0,412.64,2201.0,4430.35,278.0,559.58,4.0,8.05,366.34,5410.63
707,Rochestercity,NY,55.0,63000.0,4,231636,2.47,31.53,61.09,1.76,8.66,13.87,31.43,15.28,10.4,231636,100.0,22785,72.54,0.33,34.45,24.83,16.52,14.6,27675,11704,14210,8073,9619,7261,5648.0,5967,52237,23.5,11.03,31.21,18.99,8.8,57.84,24.75,29.63,16.58,24.85,13.21,45.78,16.76,15.12,3.14,46.1,42.05,49.89,46.18,56.1,63.2,23779,14.34,14423,14.87,21.55,29.58,38.06,0.93,1.34,1.84,2.37,85.82,2.55,6.99,3.94,2.37,2.61,2.18,48.42,2.93,53.97,2,7547,92.54,44.0,9.51,32.68,1939,7.79,0.53,53600,65200,75500,21900,307,377,444,137,442,32.3,22.1,15.7,294,1,6.23,69.01,45.53,85.12,91.51,628.0,272.16,556.0,240.95,453696.0,196618.8,722.4,272.2,82.43,77.71,13.22,7.32,0.8,20.54,34.0,7.0,230.5,37.1,6248.1,10.77,285.0,54179436.0,88.54,10.0,5.41,234798.09,64,27.74,159.0,68.91,1638.0,709.86,843.0,365.33,6340.0,2747.57,13522.0,5860.05,2954.0,1280.18,348.0,150.81,1171.84,10038.61
711,Lowellcity,MA,17.0,37000.0,4,103439,2.79,2.39,81.07,11.11,10.15,15.34,32.56,16.73,10.69,103439,100.0,29351,75.39,0.43,33.27,26.31,14.64,14.28,35138,12701,14110,9497,9691,6619,5255.0,6311,17900,17.99,16.6,34.21,15.51,10.68,58.39,29.49,23.48,17.96,22.9,9.04,42.34,12.51,10.84,3.3,62.75,58.43,68.03,62.77,55.5,64.18,4164,5.62,16998,15.37,32.65,53.0,64.97,2.53,5.36,8.71,10.68,67.9,6.99,8.41,5.6,2.68,2.85,2.56,44.59,6.65,57.63,2,3283,91.85,41.89,3.08,27.72,1944,5.04,1.0,106500,131100,158000,51500,324,494,600,276,561,28.4,22.3,13.7,182,50,16.43,69.08,48.07,82.37,86.87,177.0,183.27,153.0,158.42,100000.0,103543.3,565.0,183.3,87.84,93.22,0.56,6.21,0.0,3.95,19.0,7.0,151.4,14.3,7247.1,2.95,24.0,9241061.0,86.44,0.0,10.73,95684.9,6,6.21,49.0,50.74,302.0,312.7,874.0,904.97,2244.0,2323.51,3126.0,3236.76,1961.0,2030.48,166.0,171.88,1274.62,7762.64
720,Camdencity,NJ,7.0,10000.0,4,87492,3.29,56.42,19.0,1.32,31.17,17.6,31.78,15.89,7.72,87492,100.0,17386,69.28,0.09,12.29,24.94,26.92,12.29,18874,7276,9803,6965,66423,6441,5173.0,6003,30588,36.56,20.02,50.33,6.44,16.3,46.1,19.29,27.65,24.0,13.89,13.69,51.26,18.62,16.34,3.71,32.86,26.62,31.47,33.55,45.56,54.73,17760,24.19,3436,25.7,35.54,46.97,58.47,1.01,1.4,1.84,2.3,69.67,7.12,16.47,11.93,3.15,3.15,3.15,48.4,15.24,48.76,3,3512,88.35,48.39,39.89,63.87,1945,20.8,1.76,21500,31300,42900,21400,167,323,416,249,414,32.5,20.6,16.2,293,122,3.93,55.54,55.36,85.83,90.57,291.0,349.36,234.0,280.93,113574.0,136349.91,390.3,349.4,63.67,55.33,33.68,10.65,0.34,44.67,9.0,12.0,117.3,9.1,9575.4,18.34,72.0,15887845.0,80.41,5.0,3.09,190739.59,42,50.42,90.0,108.05,1654.0,1985.69,1155.0,1386.62,4039.0,4848.97,3926.0,4713.31,1816.0,2180.18,306.0,367.36,3530.78,12109.83
725,OldBridgetownship,NJ,23.0,54705.0,4,56475,2.83,3.35,89.44,6.14,5.01,12.59,26.78,12.12,8.07,54882,97.18,47482,87.56,0.68,47.69,19.49,3.27,14.19,52927,18859,19122,17186,15740,16397,17139.0,14001,1947,3.47,5.02,16.79,24.22,4.49,70.08,16.21,18.78,12.73,28.83,6.05,29.04,9.14,7.65,3.24,84.91,82.93,93.5,80.75,50.35,63.56,454,1.2,6641,12.89,20.27,27.6,35.79,1.52,2.38,3.25,4.21,84.29,1.68,4.47,3.5,2.81,3.06,2.29,73.82,2.31,45.56,3,1132,94.64,67.89,1.41,49.73,1966,0.89,0.26,133700,159800,191300,57600,511,577,647,136,621,24.3,24.7,15.4,0,0,11.76,48.84,59.15,73.06,83.7,87.0,147.86,76.0,129.16,23993.0,40776.0,275.8,147.9,73.11,70.59,0.84,1.68,0.0,2.52,3.0,6.0,54.0,39.4,1434.0,13.8,48.0,7106686.0,87.36,0.0,3.45,120777.8,1,1.7,3.0,5.1,30.0,50.98,49.0,83.28,318.0,540.44,964.0,1638.31,263.0,446.97,20.0,33.99,141.06,2659.71
735,Roanokecity,VA,770.0,68000.0,4,96397,2.35,24.27,74.59,0.74,0.69,11.78,25.45,12.17,15.0,96397,100.0,22591,73.4,0.51,32.62,32.93,8.82,15.96,28203,12513,14061,7949,9191,8480,4200.0,8192,15238,16.08,13.56,32.03,15.65,5.47,58.89,16.36,22.75,17.62,20.81,13.47,30.1,16.44,15.09,2.91,60.93,55.91,70.25,64.43,61.53,69.6,4860,6.48,1515,18.68,26.14,32.21,39.27,0.29,0.41,0.51,0.62,96.45,0.6,3.82,2.42,2.3,2.42,2.15,59.41,2.04,49.65,3,3354,92.44,56.63,4.5,34.62,1956,8.47,0.42,40000,54000,72600,32600,210,278,349,139,336,24.3,18.8,12.7,285,15,1.57,73.5,53.69,78.16,90.25,242.0,247.91,223.0,228.45,91565.0,93801.2,378.4,247.9,78.28,86.52,3.0,1.12,0.0,4.12,14.0,14.0,83.7,44.4,2168.8,2.96,87.0,9162440.0,92.15,0.0,5.79,93862.1,11,11.27,32.0,32.78,217.0,222.3,305.0,312.45,118.0,120.88,4398.0,4505.41,315.0,322.69,57.0,58.39,578.8,5007.38
740,Yonkerscity,NY,119.0,84000.0,4,188082,2.61,14.11,76.21,3.0,16.74,12.05,25.74,12.25,14.86,188082,100.0,36376,74.73,0.36,42.98,31.43,9.15,17.73,43305,17484,19441,11008,8216,18296,8123.0,9240,20436,11.03,11.2,26.45,21.91,6.48,58.85,12.21,28.52,10.79,28.99,7.24,35.15,10.87,9.21,3.17,66.68,61.72,73.65,68.22,47.05,58.15,8463,6.18,38067,12.27,20.52,30.43,36.44,2.48,4.15,6.16,7.38,69.48,5.82,6.69,4.6,2.57,2.76,2.42,46.77,6.85,63.64,2,3461,95.42,43.54,3.15,43.72,1952,5.54,0.72,183600,228100,282100,98500,357,482,625,268,522,25.4,22.9,15.1,253,10,20.24,66.8,67.23,84.48,93.31,524.0,286.09,454.0,247.88,107811.0,58862.9,205.7,286.1,83.65,92.56,5.15,2.1,0.19,7.44,31.0,10.0,189.9,18.7,10040.9,23.23,200.0,43099132.0,86.64,5.0,5.92,235313.8,19,10.37,34.0,18.56,852.0,465.18,446.0,243.51,1682.0,918.34,4593.0,2507.7,1868.0,1019.9,89.0,48.59,737.62,4494.53
805,Danburytown,CT,1.0,18500.0,4,65585,2.72,6.57,86.75,3.94,7.69,13.01,28.95,13.89,10.16,65585,100.0,43832,83.63,0.4,49.41,23.55,3.98,14.1,51144,19300,20370,13148,15530,12004,9045.0,10780,3599,5.76,10.08,23.53,26.92,5.4,67.83,26.36,21.14,13.42,30.5,8.75,34.16,11.04,9.92,3.16,78.27,74.79,86.0,84.1,60.18,69.09,1272,2.97,9838,17.87,30.54,38.32,48.44,2.68,4.58,5.75,7.27,79.61,4.76,5.28,3.68,2.6,2.74,2.39,63.38,4.06,49.73,3,1856,92.85,60.09,1.19,37.28,1964,2.26,0.66,156600,190300,238800,82200,425,589,729,304,693,26.5,24.0,14.5,65,41,15.0,43.88,52.6,76.88,79.44,135.0,208.74,105.0,162.35,106698.0,164975.59,790.4,208.7,74.59,68.51,3.87,2.21,0.0,5.52,28.0,10.0,161.9,43.6,1502.8,2.4,54.0,13416895.0,77.78,0.0,20.74,207451.0,1,1.55,12.0,18.55,71.0,109.78,88.0,136.06,546.0,844.22,2405.0,3718.59,401.0,620.02,12.0,18.55,265.95,5201.39
808,Columbuscity,OH,49.0,18000.0,4,632270,2.46,22.57,74.4,2.37,1.07,15.17,34.21,17.87,8.22,632270,100.0,26630,81.45,0.46,36.85,19.09,9.43,13.56,32867,13143,14517,9008,10278,10564,7081.0,10623,105494,17.26,5.66,21.31,24.57,5.91,65.59,11.59,25.92,12.16,28.97,11.77,40.01,15.89,13.93,3.05,63.29,58.94,71.71,63.87,61.47,68.48,29141,7.23,23453,24.77,37.21,47.69,54.78,0.92,1.38,1.77,2.03,93.74,0.9,4.82,2.94,2.38,2.63,2.17,51.34,2.34,53.74,2,21040,92.42,46.57,6.7,30.6,1965,4.62,0.4,48700,66000,89900,41200,268,348,434,166,422,25.0,19.6,12.3,574,5,3.71,69.22,42.29,77.06,89.34,1381.0,216.21,1371.0,214.65,1231832.0,192856.8,892.0,216.2,88.74,85.66,14.34,0.0,0.0,14.34,41.0,15.0,194.3,196.1,3224.5,4.72,637.0,83317896.0,99.28,5.0,2.97,130443.3,105,16.44,658.0,103.02,3887.0,608.55,2496.0,390.78,13055.0,2043.9,29051.0,4548.25,7070.0,1106.89,1029.0,161.1,1118.78,7860.14
809,Haverhillcity,MA,9.0,29405.0,4,51418,2.63,2.01,94.86,0.84,5.28,12.13,27.84,12.58,12.17,51418,100.0,36945,78.24,0.51,38.8,26.22,8.39,14.7,43209,15464,15708,12242,16019,15335,7942.0,7566,4418,8.83,8.5,21.96,21.02,7.13,63.41,27.07,23.43,13.02,28.97,8.88,31.99,11.96,10.52,3.1,72.16,69.39,76.0,73.44,65.25,72.1,1406,3.86,2950,13.05,17.8,22.47,26.64,0.75,1.02,1.29,1.53,88.46,1.47,4.35,3.02,2.55,2.73,2.3,62.72,1.89,54.02,2,1746,91.81,58.64,3.67,34.82,1939,3.73,0.39,115100,140100,167100,52000,361,504,611,250,586,27.4,24.5,14.0,44,1,5.74,76.79,53.96,83.89,90.38,91.0,170.89,74.0,138.96,47988.0,90116.6,527.3,170.9,99.82,93.41,2.2,4.4,0.0,6.59,4.0,10.0,61.5,34.5,1489.1,2.57,21.0,4951364.0,81.32,0.0,4.4,92981.6,0,0.0,22.0,41.31,58.0,108.92,225.0,422.53,773.0,1451.62,1102.0,2069.44,491.0,922.05,30.0,56.34,572.76,4499.45
822,Cambridgecity,MA,17.0,11000.0,4,95802,2.43,13.5,75.28,8.44,6.79,16.46,37.35,21.42,9.16,95802,100.0,33140,80.86,0.71,52.67,17.64,6.43,10.2,39990,19879,22936,10552,12483,11408,8129.0,10499,8794,10.7,7.09,15.65,54.17,5.15,64.75,9.69,51.36,6.03,46.98,7.59,57.0,11.31,9.51,2.9,63.59,60.94,78.17,61.21,62.62,71.3,2504,5.54,21350,25.41,35.92,47.21,55.56,5.66,8.01,10.52,12.38,73.84,4.21,4.33,2.06,2.08,2.27,1.99,33.22,4.15,72.41,2,2574,93.87,30.35,3.65,38.54,1939,1.53,0.41,184000,263800,440800,256800,319,483,689,370,538,24.3,21.3,13.8,252,33,22.29,39.59,42.92,62.42,69.9,271.0,288.76,231.0,246.14,101658.0,108319.7,375.1,288.8,89.52,82.29,16.97,0.74,0.0,17.71,11.0,9.0,135.3,6.7,14370.9,24.42,48.0,18152850.0,85.24,5.0,4.06,193424.09,2,2.13,27.0,28.77,253.0,269.58,643.0,685.14,929.0,989.88,3566.0,3799.68,968.0,1031.43,21.0,22.38,985.62,5843.37
825,NewBritaintown,CT,3.0,50440.0,4,75491,2.5,7.58,81.61,1.79,16.27,13.43,30.11,15.54,15.26,75491,100.0,30121,74.42,0.37,43.44,31.61,9.08,21.2,35711,14715,16016,10826,27465,12313,6298.0,7224,9289,12.8,15.44,35.25,16.67,7.84,60.21,22.94,21.22,17.58,22.55,9.17,39.17,12.33,10.84,3.01,61.37,56.8,70.46,60.88,59.38,67.98,3152,5.99,12444,12.83,21.27,27.53,33.93,2.11,3.51,4.54,5.59,63.18,7.68,4.49,2.84,2.4,2.5,2.33,44.91,4.15,61.41,2,2165,93.3,43.11,2.73,30.81,1951,5.34,0.45,117100,139200,164800,47700,298,427,530,232,512,24.8,24.4,14.9,62,10,16.48,55.48,51.71,82.73,87.94,142.0,203.19,119.0,170.27,39512.0,56537.0,278.3,203.2,87.95,93.66,3.52,2.82,0.0,6.34,10.0,8.0,147.2,13.8,5462.9,3.0,44.0,9420000.0,83.8,0.0,7.04,134789.0,4,5.72,21.0,30.05,215.0,307.64,269.0,384.91,1083.0,1549.64,2865.0,4099.47,700.0,1001.62,1.0,1.43,728.32,6652.17
830,Baltimorecity,MD,510.0,4000.0,4,736014,2.66,59.21,39.1,1.08,1.03,13.23,27.66,13.55,12.39,736014,100.0,24045,73.02,0.28,27.35,28.9,16.45,16.78,28217,11994,16563,8991,7988,12820,10011.0,12075,156284,21.87,14.81,39.35,15.47,9.16,55.11,12.27,28.59,15.66,23.37,14.08,43.68,16.97,15.65,3.24,43.59,35.52,49.34,46.07,59.06,67.18,88370,15.29,23467,16.78,23.79,32.26,38.03,0.53,0.76,1.03,1.21,93.54,0.9,9.11,5.78,2.59,2.68,2.5,50.33,4.59,47.1,3,27222,91.04,48.62,16.56,48.96,1945,7.8,0.79,39900,54700,72300,32400,226,321,402,176,413,27.3,19.4,13.7,1144,387,3.19,72.02,57.99,87.23,93.3,2861.0,401.71,2547.0,357.62,1441279.0,202367.41,503.8,401.7,66.43,72.28,26.46,0.52,0.35,27.33,100.0,10.0,69.9,83.7,8791.5,22.19,605.0,167857600.0,89.02,0.0,3.5,235685.91,353,49.56,668.0,93.79,12376.0,1737.69,8548.0,1200.21,17901.0,2513.45,41451.0,5820.06,10623.0,1491.56,545.0,76.52,3081.26,9901.59
841,Bloomfieldtownship,NJ,13.0,6260.0,4,45061,2.44,4.3,89.06,5.0,5.13,10.59,24.97,11.61,16.34,45061,100.0,39822,77.19,0.32,56.06,32.8,3.67,19.61,50419,18722,19056,13728,11575,18295,14856.0,13579,2549,5.72,8.61,22.13,25.36,5.57,63.87,18.39,25.41,9.28,29.97,6.73,33.58,9.51,8.24,3.07,80.71,78.64,91.64,77.13,57.11,67.42,403,1.36,5915,14.81,23.4,31.26,39.85,1.94,3.07,4.1,5.23,81.07,2.28,4.32,2.78,2.42,2.81,1.94,63.7,1.98,56.8,2,838,95.66,54.82,0.95,43.44,1941,0.72,0.32,147800,172500,199600,51800,427,541,661,234,600,24.3,24.0,16.3,0,1,13.13,67.79,65.19,84.28,91.32,105.0,229.57,94.0,205.52,47500.0,103854.6,452.4,229.6,92.87,96.19,2.86,0.95,0.0,3.81,0.0,8.0,52.4,5.5,8173.9,9.85,30.0,5328698.0,89.52,0.0,0.0,116507.4,0,0.0,3.0,6.56,96.0,209.9,72.0,157.42,449.0,981.7,915.0,2000.57,602.0,1316.22,5.0,10.93,373.88,4309.42
924,PerthAmboycity,NJ,23.0,58200.0,5,41967,2.95,11.76,59.82,1.57,55.54,14.92,29.47,14.7,12.54,41967,100.0,28377,76.17,0.49,31.0,30.16,10.45,15.17,32701,11351,12643,10401,9068,13391,8766.0,8948,6287,15.19,28.9,49.75,8.23,10.91,60.55,32.02,18.9,33.68,14.61,9.65,37.94,13.59,11.72,3.45,64.25,58.19,63.97,64.29,64.3,70.72,2714,8.26,10506,16.69,28.75,40.25,50.42,4.18,7.2,10.08,12.62,37.64,19.9,11.11,8.0,2.91,2.95,2.89,42.53,11.27,60.06,2,810,94.61,42.03,5.06,45.19,1947,9.83,1.69,99400,125500,155100,55700,369,486,584,215,568,28.3,24.5,17.1,14,0,25.03,46.32,53.58,83.57,87.13,116.0,285.17,98.0,240.92,18000.0,44251.1,155.2,285.2,70.16,89.66,1.72,8.62,0.0,10.34,12.0,12.0,120.7,5.0,8476.8,4.99,20.0,6798000.0,84.48,0.0,10.34,167121.5,1,2.46,18.0,44.25,179.0,440.05,296.0,727.68,831.0,2042.92,1572.0,3864.59,238.0,585.1,17.0,41.79,1214.45,6534.41
934,Kearnytown,NJ,17.0,36510.0,5,34874,2.8,1.24,90.49,4.7,17.06,12.95,28.53,13.26,12.21,34874,100.0,37840,80.52,0.48,45.03,29.23,5.13,16.73,43096,15735,16185,8045,15674,11016,12312.0,13494,2093,6.06,15.2,31.51,15.28,6.22,63.72,19.09,19.56,18.45,21.45,6.46,36.17,9.0,7.75,3.25,80.03,77.69,87.82,78.36,55.23,66.97,385,1.62,9403,17.32,27.96,33.54,40.47,4.67,7.54,9.04,10.91,64.12,8.1,5.83,4.37,2.77,3.0,2.54,53.77,3.87,56.26,2,965,92.82,49.6,1.14,38.24,1939,1.92,0.31,133600,165700,196100,62500,440,535,625,185,619,24.2,22.9,16.0,0,0,26.96,59.52,61.42,80.94,90.33,132.0,366.56,108.0,299.92,14155.0,39308.5,107.2,366.6,91.25,99.24,0.0,0.76,0.0,0.76,6.0,10.0,141.4,9.5,3681.5,10.0,37.0,7313592.0,81.82,0.0,4.55,203098.91,1,2.78,8.0,22.22,70.0,194.39,77.0,213.83,456.0,1266.31,1233.0,3424.05,357.0,991.39,5.0,13.89,433.21,5695.64
951,WestHartfordtown,CT,3.0,82590.0,5,60110,2.51,2.18,93.98,2.84,3.15,11.46,21.5,10.78,18.84,60110,100.0,49642,75.2,0.8,67.47,35.33,3.78,21.73,60518,26943,27601,14532,14196,18908,10423.0,15557,2103,3.63,5.83,12.68,46.63,3.96,60.22,11.37,33.34,6.06,45.54,5.17,28.73,8.81,7.19,2.96,83.38,82.81,94.15,80.71,61.15,71.63,460,1.04,7424,13.81,18.14,22.8,26.33,1.71,2.24,2.82,3.25,84.41,2.32,3.11,2.13,2.41,2.58,1.96,78.64,0.91,36.19,3,1105,95.58,73.68,0.36,23.35,1951,0.28,0.08,166100,203300,267100,101000,509,618,739,230,687,26.7,20.5,13.7,0,0,12.35,53.65,63.32,85.68,89.15,123.0,204.39,120.0,199.4,82902.0,137756.7,674.0,204.4,97.79,95.12,3.25,1.63,0.0,4.88,5.0,9.0,634.7,22.8,2639.6,4.26,31.0,10322442.0,97.56,10.0,4.07,171526.09,1,1.66,1.0,1.66,78.0,129.61,56.0,93.05,580.0,963.78,1512.0,2512.46,213.0,353.94,9.0,14.96,225.99,3845.13
986,Hamptoncity,VA,650.0,35000.0,5,133793,2.69,38.85,58.41,1.75,1.97,15.27,30.86,15.85,8.9,133793,100.0,30144,82.79,0.46,35.64,20.28,5.73,20.45,34291,13099,15039,10325,14300,11707,7811.0,11513,13831,10.82,6.84,20.31,19.07,5.87,64.86,18.75,22.94,11.97,24.88,10.82,30.76,13.57,12.25,3.07,70.94,66.18,77.15,73.44,60.96,70.7,4118,4.51,3858,11.53,20.84,28.07,35.25,0.33,0.6,0.81,1.02,94.8,0.65,3.88,2.79,2.58,2.65,2.48,60.89,2.72,41.34,3,3950,92.63,59.25,1.22,27.29,1966,5.23,0.27,63000,78200,97700,34700,303,385,471,168,470,26.1,22.4,13.2,18,1,2.88,47.36,45.63,66.09,77.87,204.0,144.65,181.0,128.34,126926.0,89996.7,622.2,144.6,75.08,83.33,16.67,0.0,0.0,16.67,18.0,8.0,33.6,53.7,2492.2,2.38,170.0,15176792.0,88.73,5.0,8.82,107610.9,14,9.93,49.0,34.74,329.0,233.28,251.0,177.97,962.0,682.11,5532.0,3922.46,561.0,397.78,73.0,51.76,455.92,5054.1
1031,Waynetownship,NJ,31.0,77840.0,5,47025,2.98,1.06,95.0,3.12,3.08,14.01,25.19,13.66,11.48,47025,100.0,59290,85.9,0.71,63.26,25.74,2.29,14.92,64933,25131,25340,12024,7181,26974,9908.0,16906,1027,2.28,5.87,14.66,35.8,3.91,66.45,19.47,23.57,7.47,38.33,4.63,29.94,6.88,5.81,3.2,89.41,87.54,94.41,86.12,46.95,62.85,178,0.54,5068,7.2,13.3,17.88,23.13,0.78,1.43,1.93,2.49,84.97,1.48,4.46,3.64,2.86,3.0,2.1,88.48,0.86,25.64,3,549,96.63,84.34,2.73,45.36,1962,0.34,0.21,191200,242200,301200,110000,511,693,872,361,738,26.9,23.1,13.7,0,0,10.78,63.4,64.92,81.74,93.56,100.0,202.48,94.0,190.33,38849.0,78660.8,388.5,202.5,96.0,99.0,0.0,1.0,0.0,1.0,5.0,12.0,25.0,24.7,1905.3,4.11,36.0,5008196.0,94.0,0.0,5.0,101405.1,1,2.02,9.0,18.22,16.0,32.4,36.0,72.89,227.0,459.63,1817.0,3679.03,464.0,939.5,5.0,10.12,125.54,5088.28
1036,Hackensackcity,NJ,3.0,28680.0,5,37049,2.25,24.77,66.36,3.67,15.1,9.28,27.33,11.67,12.89,37049,100.0,38976,82.16,0.37,42.98,24.5,5.77,10.97,46171,20217,23489,13980,14781,16104,10533.0,12174,2483,6.97,10.14,25.57,25.74,5.79,66.31,18.98,22.84,13.29,28.44,12.03,40.11,14.24,13.16,2.93,64.59,59.14,69.09,58.91,61.7,69.42,1631,6.97,8711,15.39,24.34,37.27,47.51,3.62,5.72,8.76,11.17,72.32,6.31,5.19,2.87,2.16,2.47,2.0,39.46,6.27,77.88,2,1241,92.99,34.55,1.69,33.28,1962,2.75,0.94,156500,186300,226500,70000,496,639,791,295,693,25.5,24.8,18.9,81,0,23.51,41.74,52.19,79.47,84.79,109.0,289.62,107.0,284.31,36907.0,98065.6,338.6,289.6,74.61,91.74,5.5,2.75,0.0,8.26,14.0,10.0,24.6,4.3,8684.7,14.4,34.0,5127534.0,98.17,5.0,12.84,136243.8,4,10.63,12.0,31.89,68.0,180.68,82.0,217.88,164.0,435.76,1401.0,3722.6,326.0,866.21,12.0,31.89,441.08,5056.46
1046,Allentowncity,PA,77.0,2000.0,5,105090,2.46,4.98,86.17,1.35,11.68,12.67,27.39,13.52,15.05,105090,100.0,25983,72.34,0.36,42.89,33.13,8.55,19.62,31972,12822,13778,8390,6560,7977,5656.0,6019,12999,12.86,11.62,30.56,15.27,6.26,59.22,22.34,23.29,18.83,21.1,10.68,34.2,13.27,12.07,3.0,65.5,61.24,70.66,68.72,56.38,67.79,4601,6.05,6088,18.43,26.76,33.89,42.77,1.07,1.55,1.96,2.48,82.77,3.74,4.66,2.93,2.36,2.56,2.1,61.46,2.98,47.4,3,2861,93.73,56.65,3.46,31.6,1945,3.54,0.55,58300,76600,98000,39700,279,377,453,174,434,27.1,21.8,13.5,100,11,5.79,73.46,54.68,80.93,88.87,186.0,176.28,175.0,165.86,95000.0,90036.3,510.8,176.3,99.07,84.95,5.91,9.14,0.0,15.05,13.0,6.0,77.7,18.4,5726.9,3.47,58.0,7236567.0,94.09,0.0,6.99,68584.6,6,5.69,42.0,39.81,324.0,307.07,347.0,328.87,1682.0,1594.12,4659.0,4415.57,448.0,424.59,42.0,39.81,681.43,6474.08
1100,Westporttown,CT,1.0,83500.0,5,24410,2.63,1.07,96.97,1.63,2.24,11.25,19.84,9.77,12.35,24424,100.0,81957,82.81,1.06,74.58,23.49,1.95,14.73,95791,45640,46184,45011,24087,23289,15227.0,23254,762,3.15,2.02,6.95,60.51,3.17,66.91,13.33,29.49,2.22,54.52,6.97,26.41,10.73,8.95,2.96,86.02,84.73,96.56,80.43,49.42,59.59,49,0.29,2974,19.8,27.34,36.21,42.91,2.41,3.33,4.41,5.23,89.29,0.82,2.83,2.19,2.6,2.67,2.27,85.01,0.41,19.54,4,565,94.26,82.82,0.71,45.13,1956,0.38,0.28,318300,422400,500001,181701,620,995,1001,381,1001,24.8,22.0,14.0,17,1,12.18,25.33,59.67,76.59,77.06,65.0,262.32,54.0,217.93,26002.0,104935.6,400.0,262.3,58.03,57.14,0.0,0.89,0.0,0.89,2.0,5.0,239.9,20.7,1177.6,17.48,26.0,3702747.0,83.08,10.0,3.08,149430.8,0,0.0,0.0,0.0,23.0,92.82,7.0,28.25,173.0,698.17,559.0,2255.94,79.0,318.82,3.0,12.11,121.07,3285.04
1101,Portlandcity,ME,5.0,60545.0,5,64358,2.28,1.12,96.59,1.66,0.8,11.84,30.02,14.82,12.71,64358,100.0,26576,74.98,0.48,42.74,27.12,9.55,14.03,34837,14914,15152,8820,6370,8054,4992.0,13999,8783,14.03,6.66,16.81,29.61,6.75,63.16,9.74,28.95,10.28,31.46,11.75,40.16,14.88,13.46,2.91,63.98,62.15,72.0,65.17,59.64,66.78,2170,4.91,3293,19.07,30.31,41.42,44.31,0.98,1.55,2.12,2.27,93.3,0.82,3.39,1.86,2.21,2.54,1.96,48.55,1.35,59.25,2,3058,90.23,42.13,2.94,46.86,1939,4.49,0.43,88900,112200,141500,52600,344,450,559,215,504,28.1,23.2,14.9,188,1,5.12,64.08,45.15,76.18,84.25,144.0,233.0,104.0,168.28,81000.0,131061.6,562.5,233.0,97.28,99.31,0.69,0.0,0.0,0.69,7.0,11.0,34.9,23.5,2743.7,3.82,41.0,5255874.0,72.22,10.0,4.86,85042.4,2,3.24,61.0,98.7,92.0,148.86,261.0,422.31,1142.0,1847.81,2978.0,4818.54,272.0,440.11,113.0,182.84,673.11,7289.29
1121,Stamfordtown,CT,1.0,73070.0,6,108056,2.58,17.78,76.28,2.6,9.77,10.46,26.0,11.55,11.86,108056,100.0,49787,82.57,0.58,54.11,24.22,5.43,14.57,57360,27092,30975,13309,14211,29924,10707.0,13109,6728,6.29,7.21,18.81,35.13,5.08,67.95,17.99,21.6,7.97,37.24,7.96,35.01,11.56,9.86,3.08,72.41,67.92,79.89,75.16,59.38,68.27,4551,6.42,20075,17.41,27.21,35.38,42.52,3.24,5.06,6.57,7.9,77.07,3.87,5.87,3.99,2.54,2.65,2.39,60.42,4.91,53.06,2,2334,94.73,57.87,1.37,27.98,1961,1.67,0.47,225600,295700,414000,188400,483,716,931,448,794,26.5,22.8,14.7,132,18,18.58,41.96,54.75,80.59,81.75,299.0,278.92,242.0,225.75,87960.0,82053.0,294.2,278.9,87.65,88.29,4.01,7.36,0.0,11.37,13.0,8.0,66.0,39.1,2765.1,11.33,114.0,14848223.0,80.94,0.0,4.35,138510.8,8,7.46,22.0,20.52,270.0,251.87,237.0,221.08,1105.0,1030.79,3503.0,3267.75,727.0,678.18,31.0,28.92,500.94,5005.64
1127,Norwalktown,CT,1.0,56060.0,6,78331,2.56,15.48,79.29,1.65,9.37,10.6,26.36,11.59,11.33,78331,100.0,48171,83.88,0.79,52.92,22.54,4.34,12.42,55269,23075,25187,14662,8778,20087,13765.0,14757,4034,5.2,7.84,20.48,29.54,4.69,70.65,20.24,21.83,10.3,33.63,8.5,33.93,11.91,10.29,3.08,74.35,69.28,83.76,74.64,61.28,70.14,2357,4.63,10421,10.97,21.15,29.89,37.59,1.46,2.81,3.98,5.0,80.42,3.65,5.3,3.6,2.53,2.67,2.31,65.33,3.81,49.62,3,1664,94.84,61.98,3.79,37.8,1958,1.49,0.39,196000,241300,309900,113900,471,647,860,389,738,26.6,23.7,15.4,121,7,13.3,48.28,58.49,86.1,87.52,164.0,208.36,149.0,189.3,146178.0,185717.2,891.3,208.4,98.8,79.88,12.8,6.1,0.61,19.51,20.0,5.0,7.9,23.6,3315.6,8.17,60.0,9267109.0,90.85,0.0,12.2,117737.4,9,11.43,10.0,12.7,188.0,238.85,118.0,149.92,840.0,1067.21,2516.0,3196.54,552.0,701.31,13.0,16.52,412.91,4981.58
1128,Cincinnaticity,OH,61.0,15000.0,6,364040,2.36,37.94,60.51,1.11,0.66,13.96,29.98,15.2,12.22,364040,100.0,21006,71.1,0.45,34.68,26.35,14.32,14.48,26774,12547,15757,7451,8478,13455,7907.0,10200,85319,24.34,10.23,30.39,22.17,7.84,56.63,15.37,29.69,13.11,29.29,13.02,42.09,16.35,14.85,3.11,50.06,45.53,53.22,54.43,57.68,64.27,32210,11.81,10045,20.2,27.47,36.53,43.6,0.56,0.76,1.01,1.2,94.63,0.69,6.46,3.56,2.26,2.61,2.05,44.21,3.84,67.36,2,14746,91.28,38.34,8.0,40.09,1945,6.2,0.52,45200,61900,87900,42700,200,283,367,167,329,25.8,18.9,13.0,989,23,2.76,70.07,49.12,85.48,91.51,938.0,260.74,829.0,230.44,215446.0,59887.9,229.7,260.7,77.67,82.73,16.52,0.32,0.32,17.16,47.0,9.0,64.6,80.0,4550.3,11.26,351.0,43936208.0,88.38,10.0,5.01,122130.2,39,10.84,449.0,124.81,2327.0,646.84,2806.0,779.99,6154.0,1710.64,17085.0,4749.14,2063.0,573.46,581.0,161.5,1562.48,7194.74
1156,Vinelandcity,NJ,11.0,76070.0,6,54780,2.92,11.48,73.01,0.88,23.6,14.67,27.2,13.4,12.72,54780,100.0,30733,76.89,0.97,32.61,30.57,8.57,14.24,35361,12963,14458,11212,10711,8543,7137.0,7547,5739,10.91,20.35,38.66,12.63,7.2,58.57,21.47,24.15,19.31,21.95,9.91,32.04,12.84,11.5,3.25,67.22,60.81,73.21,68.94,64.82,70.99,2599,6.12,3226,3.91,8.59,11.25,17.14,0.23,0.51,0.66,1.01,72.63,6.01,6.73,5.07,2.81,2.88,2.66,68.73,5.77,46.49,3,816,95.83,67.0,5.02,50.74,1962,5.96,0.59,66300,83600,105600,39300,323,435,519,196,511,28.7,21.6,15.3,117,20,5.89,57.88,60.45,84.85,92.35,107.0,194.7,84.0,152.85,45639.0,83046.4,426.5,194.7,81.42,90.65,0.93,7.48,0.0,8.41,8.0,5.0,151.5,71.2,769.8,1.83,52.0,5051396.0,78.5,0.0,7.48,91917.1,4,7.28,46.0,83.7,193.0,351.19,253.0,460.37,971.0,1766.87,2631.0,4787.47,362.0,658.71,35.0,63.69,902.54,7276.73
1197,Hamiltoncity,OH,17.0,33012.0,6,61368,2.56,7.32,91.93,0.39,0.5,13.38,26.52,12.38,12.76,61368,100.0,22886,71.47,0.22,35.15,30.75,10.72,18.67,28117,11108,11552,5988,9164,8027,4461.0,5917,10179,16.84,12.14,33.44,9.9,7.94,54.73,23.37,20.11,19.64,18.48,12.24,24.67,16.13,14.36,3.07,67.6,63.91,75.26,70.47,59.47,64.81,1713,3.33,406,17.49,22.41,22.41,27.34,0.12,0.15,0.15,0.18,98.03,0.25,4.14,2.93,2.52,2.6,2.41,62.35,2.57,53.3,2,1370,94.6,60.5,10.36,44.01,1950,6.79,0.26,41400,53700,69300,27900,222,286,346,124,363,27.9,18.1,12.4,73,0,0.66,72.06,53.36,88.64,93.67,105.0,161.05,90.0,138.04,64812.0,99408.0,617.3,161.0,96.76,90.65,5.61,1.87,0.0,7.48,20.0,6.0,122.8,20.7,2966.4,1.53,36.0,7375477.0,85.71,0.0,19.05,113124.3,6,9.2,81.0,124.24,246.0,377.31,601.0,921.81,1152.0,1766.93,2889.0,4431.12,398.0,610.45,49.0,75.16,1432.56,6883.65
1212,Albanycity,NY,1.0,1000.0,6,101082,2.4,20.65,75.51,2.3,3.15,17.82,35.77,22.08,13.02,101082,100.0,25152,76.33,0.31,44.7,26.97,8.17,16.94,34493,13742,15401,8768,7382,8711,6430.0,8517,16903,18.31,8.95,22.28,29.51,6.09,59.16,5.1,34.72,7.91,32.54,9.75,51.97,11.68,10.8,2.94,53.15,49.59,59.38,54.73,65.36,73.44,5658,8.96,7785,16.65,22.59,32.7,38.06,1.28,1.74,2.52,2.93,88.37,1.28,4.47,2.25,2.17,2.43,2.01,42.85,2.21,54.67,2,4078,91.17,38.3,10.4,47.72,1939,6.74,0.46,80500,101800,132700,52200,301,388,477,176,456,26.9,19.7,13.0,395,10,7.7,76.27,44.01,72.02,92.83,317.0,302.95,305.0,291.48,113586.0,108552.4,358.3,303.0,82.14,93.38,5.99,0.32,0.32,6.62,27.0,10.0,83.2,22.2,4557.8,15.02,73.0,19293010.0,96.21,5.0,8.52,184380.41,6,5.73,59.0,56.39,481.0,459.68,692.0,661.33,2063.0,1971.58,4030.0,3851.41,471.0,450.13,45.0,43.01,1183.14,6316.12
1213,Newarkcity,NJ,13.0,51000.0,6,275221,3.01,58.46,28.62,1.19,26.07,16.79,31.88,16.08,8.51,275221,100.0,21650,71.27,0.3,17.88,24.5,22.23,10.53,25816,9424,11412,8870,8021,11532,7104.0,7853,70702,26.34,21.97,48.79,8.55,14.71,51.51,20.62,22.28,26.45,14.14,11.84,47.63,15.92,14.0,3.55,43.2,34.59,48.41,44.71,53.87,59.85,42040,20.0,51423,16.95,29.15,39.29,51.21,3.17,5.45,7.34,9.57,63.25,11.03,13.13,9.07,2.91,3.4,2.76,26.97,13.62,69.58,2,10921,89.34,23.06,11.05,42.99,1949,15.0,2.08,77300,110000,148700,71400,252,385,494,242,445,26.9,24.4,15.2,1974,842,18.68,50.58,56.99,87.66,90.84,142.0,54.57,130.0,49.96,40000.0,15370.9,281.7,54.6,42.71,85.92,11.27,2.82,0.0,14.08,0.0,5.0,253.5,24.7,11153.6,24.89,35.0,11568702.0,91.55,0.0,0.0,44455.3,96,36.89,257.0,98.76,5892.0,2264.13,3977.0,1528.25,6879.0,2643.41,10420.0,4004.12,10993.0,4224.31,184.0,70.71,3928.03,10942.54
1214,EastOrangecity,NJ,13.0,19390.0,6,73552,2.7,89.95,7.21,0.63,4.05,14.22,28.16,13.66,10.2,73552,100.0,26810,78.21,0.52,21.24,24.96,14.71,12.17,33263,12376,15147,12181,13561,20073,8384.0,9709,12699,17.71,9.96,30.7,14.65,11.76,59.92,14.83,31.18,16.17,21.04,14.94,45.21,18.73,17.06,3.42,41.2,34.12,42.17,45.98,65.01,71.9,9402,16.74,9535,15.53,27.16,41.19,54.94,2.01,3.52,5.34,7.12,88.75,2.08,12.4,7.56,2.63,3.33,2.36,34.83,10.74,72.02,2,1777,93.87,27.48,7.32,37.42,1949,9.13,1.01,86300,116200,146300,60000,367,478,575,208,534,28.2,23.7,15.6,340,20,12.96,54.17,56.0,88.25,91.7,245.0,334.59,204.0,278.59,182000.0,248549.0,742.9,334.6,63.94,43.27,54.69,2.04,0.0,56.73,19.0,9.0,107.6,4.1,18091.3,25.57,64.0,11900441.0,83.27,5.0,7.76,162518.8,15,20.48,88.0,120.18,1129.0,1541.82,922.0,1259.13,1732.0,2365.31,1944.0,2654.83,1475.0,2014.34,97.0,132.47,2941.62,7166.95
1219,Providencecity,RI,7.0,59000.0,6,160728,2.73,14.83,69.93,5.94,15.54,18.71,34.52,20.6,11.91,160728,100.0,22147,70.69,0.64,33.3,27.42,16.33,13.6,28342,11838,13884,7728,7743,5782,6551.0,6750,34120,22.96,16.42,37.24,21.63,9.18,54.98,24.14,29.13,18.27,25.5,8.88,47.78,13.54,11.37,3.23,54.32,50.04,59.15,55.78,52.4,60.15,10047,9.23,31532,22.29,35.58,47.3,58.19,4.37,6.98,9.28,11.42,69.54,8.58,8.14,5.05,2.52,2.71,2.42,38.84,6.01,61.38,2,7889,88.19,36.15,7.61,34.39,1939,7.57,0.96,87300,113000,150000,62700,266,389,492,226,469,30.2,22.1,14.3,240,43,19.62,50.63,45.16,72.67,75.39,440.0,293.72,370.0,246.99,400000.0,267013.81,909.1,293.7,74.93,95.0,5.0,0.0,0.0,5.0,33.0,2.0,155.5,19.1,8403.8,7.61,190.0,16500000.0,84.09,10.0,7.5,110143.2,22,14.69,114.0,76.1,636.0,424.55,601.0,401.19,4240.0,2830.35,6433.0,4294.25,3116.0,2080.04,384.0,256.33,916.52,9460.97
1238,Stratfordtown,CT,1.0,74190.0,6,49389,2.56,7.89,90.07,0.81,3.59,11.17,22.59,10.65,18.16,49389,100.0,41745,74.97,0.52,55.79,38.37,3.51,25.4,49630,18574,19050,13405,12977,21252,13278.0,13050,1737,3.54,9.02,22.22,21.25,4.97,62.31,24.9,22.32,11.57,29.18,7.25,29.25,9.82,8.62,3.04,78.38,75.43,90.81,82.25,63.64,73.0,795,2.18,3041,4.34,8.65,12.4,14.57,0.27,0.53,0.76,0.9,88.87,0.87,4.22,3.06,2.54,2.61,2.27,81.88,1.53,40.64,3,842,95.82,79.75,5.82,48.81,1954,1.1,0.27,150400,176500,210700,60300,382,558,721,339,676,26.6,22.4,15.0,3,3,6.16,68.75,69.46,92.04,95.25,100.0,199.45,97.0,193.47,34371.0,68554.2,343.7,199.5,82.5,76.67,2.5,3.33,0.0,4.17,5.0,8.0,148.0,18.2,2711.4,1.99,33.0,4978183.0,97.0,0.0,5.0,99291.6,1,1.99,2.0,3.99,77.0,153.58,20.0,39.89,449.0,895.55,1330.0,2652.73,396.0,789.84,18.0,35.9,199.45,4374.02
1264,Somervillecity,MA,17.0,62535.0,6,76210,2.51,5.6,88.73,3.71,6.28,12.34,36.91,18.58,11.08,76210,100.0,32455,80.36,0.55,46.82,24.83,7.45,14.54,38532,15179,15596,12581,5554,12178,9921.0,10332,8492,11.47,11.08,24.82,30.88,6.33,66.46,12.66,36.6,10.19,32.59,6.53,51.42,9.4,8.04,3.1,68.84,66.35,81.97,71.38,61.64,68.15,1912,4.28,16975,20.67,31.67,41.3,50.54,4.6,7.05,9.2,11.26,73.74,6.54,6.34,3.65,2.44,2.76,2.3,35.09,3.87,65.23,2,1467,95.38,31.0,3.07,37.22,1939,1.94,0.18,135500,165800,198300,62800,416,591,743,327,677,27.2,21.6,15.4,54,1,22.27,54.68,49.22,70.48,78.68,135.0,194.76,127.0,183.22,47000.0,67805.4,348.1,194.8,92.43,96.3,2.96,0.74,0.0,3.7,6.0,5.0,74.1,4.3,17893.0,27.93,24.0,6748743.0,94.07,0.0,4.44,97362.0,0,0.0,10.0,14.43,123.0,177.45,40.0,57.71,604.0,871.37,948.0,1367.65,761.0,1097.87,8.0,11.54,249.58,3348.43
1277,Cranstoncity,RI,7.0,19180.0,6,76060,2.59,2.42,95.08,1.77,2.01,11.26,24.23,11.85,16.87,76060,100.0,34528,74.33,0.64,49.37,35.27,6.39,19.61,41896,15922,16165,11458,7652,11421,9115.0,8496,4715,6.52,8.52,26.03,21.11,5.96,58.19,19.16,24.21,11.88,28.84,8.3,31.6,10.94,9.69,3.02,78.22,75.87,86.2,77.97,55.3,66.56,1114,2.08,5586,4.87,9.38,15.04,22.11,0.36,0.69,1.1,1.62,86.28,1.92,3.3,2.31,2.46,2.71,1.97,73.09,1.04,46.14,3,1167,96.18,66.36,0.94,32.56,1955,1.68,0.37,105800,129700,161000,55200,335,461,562,227,534,27.1,22.4,14.6,84,0,7.34,76.62,63.0,88.23,93.89,140.0,182.34,117.0,152.38,9580.0,12477.2,68.4,182.3,95.79,99.29,0.71,0.0,0.0,0.71,0.0,10.0,257.5,29.6,2569.9,2.62,85.0,6264352.0,83.57,0.0,0.0,81588.3,0,0.0,9.0,11.72,36.0,46.89,83.0,108.1,616.0,802.29,1650.0,2149.0,339.0,441.52,16.0,20.84,166.71,3413.65
1286,Hamdentown,CT,9.0,35650.0,6,52434,2.54,8.69,88.92,1.78,2.02,12.6,24.4,12.81,17.14,50241,95.82,41814,77.24,0.32,58.35,34.09,3.83,19.63,50228,19383,19802,16134,10384,16426,11480.0,12176,2199,4.36,6.97,15.22,32.38,3.83,64.65,13.9,33.36,7.76,35.04,6.44,30.0,8.76,7.71,2.99,82.45,80.38,93.66,84.54,63.33,74.37,485,1.38,3753,8.13,14.73,21.77,27.82,0.58,1.05,1.56,1.99,88.88,0.86,3.24,2.33,2.43,2.63,1.97,75.88,0.96,45.4,3,1097,94.95,70.21,1.37,35.28,1957,0.97,0.31,135700,164000,197100,61400,467,600,702,235,680,29.1,22.4,14.3,28,0,7.16,65.75,60.29,86.18,90.2,100.0,188.36,88.0,165.76,40860.0,76965.1,408.6,188.4,90.92,98.0,2.0,0.0,0.0,2.0,6.0,7.0,96.0,34.0,1543.8,3.13,36.0,5895093.0,88.0,0.0,6.0,111041.7,2,3.77,8.0,15.07,52.0,97.95,32.0,60.28,239.0,450.19,1646.0,3100.45,231.0,435.12,1.0,1.88,177.06,3987.64
1296,Norfolkcity,VA,710.0,57000.0,6,261229,2.92,39.05,56.74,2.61,2.91,18.84,38.6,23.62,9.63,261229,100.0,23563,78.8,0.41,29.49,24.1,9.33,18.3,26818,11643,14699,7504,10944,8746,8291.0,9511,43944,19.32,8.78,27.31,16.82,6.1,64.57,10.28,24.12,14.05,23.29,10.78,45.21,15.33,12.87,3.12,62.76,55.53,72.45,58.3,54.88,62.4,15750,9.62,9766,18.72,28.07,36.68,45.89,0.7,1.05,1.37,1.72,92.82,0.73,6.13,4.02,2.55,2.58,2.53,44.52,5.32,57.54,2,9284,90.6,44.02,3.94,30.95,1958,10.51,0.35,60700,74500,97100,36400,276,361,438,162,438,28.5,23.4,13.5,253,29,3.74,45.69,39.31,62.4,71.19,680.0,278.85,608.0,249.33,313643.0,128617.6,461.2,278.9,68.51,88.24,10.59,0.74,0.44,11.76,52.0,7.0,67.5,55.7,4690.3,5.57,175.0,25806888.0,89.41,5.0,7.65,105828.0,62,25.42,204.0,83.66,1428.0,585.59,1075.0,440.83,3732.0,1530.41,13535.0,5550.38,2173.0,891.1,135.0,55.36,1135.5,8027.25
1300,Bridgeporttown,CT,1.0,8070.0,6,141686,2.71,26.6,58.54,2.32,26.5,14.06,29.69,14.3,12.13,141686,100.0,28704,73.85,0.41,32.76,28.61,13.24,16.51,33090,13156,15509,10612,9211,11321,7847.0,8442,23463,17.07,17.99,38.91,12.28,10.62,57.72,25.38,22.73,20.19,19.03,10.69,41.25,14.3,12.62,3.28,53.59,46.99,57.79,55.71,58.8,65.86,12723,12.01,20731,14.71,24.62,34.53,43.87,2.15,3.6,5.05,6.42,63.86,7.56,8.46,5.58,2.63,2.68,2.59,45.05,6.74,65.45,2,4896,91.44,44.15,13.77,46.18,1948,8.66,0.72,118500,145900,171000,52500,364,496,595,231,594,30.3,26.2,16.9,201,12,14.63,52.63,50.12,86.56,88.23,389.0,292.36,204.0,153.32,155006.0,116495.9,398.5,292.4,88.36,70.18,14.65,15.17,0.0,29.82,24.0,14.0,4.7,16.6,8545.4,6.39,105.0,20292584.0,52.44,0.0,6.17,152510.5,60,45.09,72.0,54.11,1560.0,1172.43,848.0,637.32,3653.0,2745.44,3820.0,2870.95,3586.0,2695.09,192.0,144.3,1908.96,8455.77
1313,Kenoshacity,WI,59.0,39225.0,6,80352,2.69,6.39,89.78,0.56,5.89,14.34,27.95,13.49,11.95,80375,100.0,27770,76.04,0.28,45.85,30.2,9.97,20.42,32883,12284,12919,6039,12518,15147,5122.0,5847,9923,12.73,9.18,26.84,12.18,7.8,59.77,27.65,22.83,18.77,19.77,10.4,31.4,13.36,11.97,3.15,68.34,65.57,76.39,74.75,62.61,70.24,2626,4.12,4030,9.35,14.19,18.51,22.11,0.47,0.71,0.93,1.11,89.51,1.5,5.38,3.79,2.61,2.78,2.32,66.18,3.16,49.94,3,1278,95.9,61.99,2.74,28.48,1954,4.39,0.3,47100,58700,73000,25900,262,338,415,153,400,25.4,19.4,13.0,61,0,5.01,65.34,53.32,83.0,87.28,160.0,186.46,152.0,177.14,76544.0,89203.8,478.4,186.5,93.0,88.95,1.16,2.33,0.58,4.07,8.0,6.0,52.5,22.3,3599.2,1.99,70.0,8928586.0,95.0,5.0,5.0,104053.1,8,9.32,53.0,61.77,129.0,150.34,270.0,314.66,859.0,1001.07,3141.0,3660.5,312.0,363.6,33.0,38.46,536.08,5063.63
1324,WestOrangetownship,NJ,13.0,79800.0,6,39103,2.64,5.73,87.64,5.58,4.42,10.33,22.36,10.39,16.38,39103,100.0,49777,78.55,0.72,55.76,31.68,3.47,16.47,59056,25537,26585,21118,12323,16195,15943.0,12753,1590,4.14,6.64,16.83,37.7,4.03,63.27,12.21,27.47,6.51,38.25,5.23,30.23,8.4,6.95,3.11,84.59,82.47,94.86,81.93,55.1,65.83,330,1.16,6245,12.47,19.66,27.0,34.88,1.99,3.14,4.31,5.57,80.97,3.45,4.72,3.39,2.59,2.81,2.09,74.83,1.86,37.99,3,435,97.15,68.89,1.38,44.6,1953,0.51,0.19,166400,202800,256900,90500,450,619,755,305,693,27.6,22.7,14.7,25,0,15.97,60.57,65.23,83.34,90.11,95.0,239.37,89.0,224.25,30411.0,76625.2,320.1,239.4,87.64,100.0,0.0,0.0,0.0,0.0,4.0,8.0,62.3,12.6,3115.4,7.75,30.0,6967389.0,93.68,10.0,4.21,175554.0,0,0.0,5.0,12.6,65.0,163.78,48.0,120.94,301.0,758.42,795.0,2003.12,450.0,1133.84,1.0,2.52,297.32,3897.9
1327,Brooklinetown,MA,21.0,9175.0,6,54718,2.25,3.1,87.43,8.38,2.92,10.45,28.82,13.43,12.82,54718,100.0,45598,78.05,0.8,61.54,23.21,4.07,10.91,61799,29044,30836,19262,5379,16819,7762.0,11827,4576,8.61,3.05,6.82,63.68,4.8,65.96,7.53,47.63,3.13,57.05,6.61,43.62,10.02,8.56,2.9,77.06,76.88,91.09,70.28,61.28,71.24,517,1.85,11703,28.28,36.6,43.65,50.68,6.05,7.83,9.34,10.84,77.95,3.08,3.99,2.05,2.17,2.48,1.93,49.39,2.28,62.26,2,996,96.07,43.11,0.6,32.73,1939,0.53,0.12,281100,377800,500001,218901,443,629,963,520,671,24.6,22.6,14.5,16,0,21.39,41.54,49.81,60.48,76.81,140.0,248.37,120.0,212.89,46180.0,81927.4,329.9,248.4,90.53,96.43,3.57,0.0,0.0,3.57,4.0,7.0,15.8,7.0,7778.6,28.71,34.0,6000000.0,85.71,0.0,2.86,106445.3,1,1.77,8.0,14.19,72.0,127.73,187.0,331.75,372.0,659.96,1379.0,2446.47,352.0,624.48,4.0,7.1,475.46,3738.0
1362,Cantoncity,OH,151.0,12000.0,7,84161,2.52,18.21,80.67,0.32,1.06,13.69,26.01,12.77,14.41,84161,100.0,19807,67.99,0.3,31.57,32.7,14.65,19.92,25177,10133,10800,7349,5108,12273,6752.0,13853,17864,21.86,10.62,32.97,9.67,11.23,50.3,25.35,21.52,22.17,18.9,13.04,30.78,16.69,15.06,3.08,60.64,56.99,63.43,65.15,52.32,59.38,3743,5.23,1881,7.18,8.83,11.43,14.3,0.16,0.2,0.26,0.32,94.1,0.79,5.45,3.55,2.44,2.56,2.29,60.01,1.56,46.63,3,3075,91.58,57.33,4.03,42.76,1943,7.08,0.41,26900,37700,52700,25800,165,233,295,130,298,26.7,16.9,12.4,38,0,2.24,78.22,57.76,90.77,95.19,165.0,195.13,141.0,166.75,64125.0,75834.6,388.6,195.1,97.64,82.42,16.36,0.61,0.0,16.97,15.0,8.0,55.1,21.0,4017.0,2.45,83.0,8000000.0,85.45,0.0,9.09,94608.5,11,13.01,82.0,96.97,537.0,635.06,405.0,478.96,1700.0,2010.43,3910.0,4623.99,635.0,750.95,76.0,89.88,1224.0,7475.25
1449,Richmondcity,VA,760.0,67000.0,7,203056,2.38,55.22,43.35,0.88,0.93,13.35,29.11,15.34,13.66,203056,100.0,23551,74.21,0.46,31.91,28.24,10.18,15.96,29021,13993,20876,8676,16087,9641,12168.0,11581,40103,20.89,12.2,31.91,24.24,6.43,58.44,12.18,27.61,14.02,27.35,14.48,42.45,16.82,15.77,2.97,45.21,38.54,54.76,49.69,63.65,70.49,18852,13.21,3720,15.08,25.16,34.33,42.9,0.28,0.46,0.63,0.79,96.0,0.4,5.14,2.88,2.25,2.39,2.12,49.25,3.06,57.24,2,8804,90.65,46.3,10.89,40.3,1953,8.45,0.6,47700,66600,98200,50500,232,333,424,192,413,27.5,21.4,14.5,287,3,1.83,70.47,49.59,77.75,89.86,646.0,318.02,588.0,289.47,880656.0,433536.59,1363.2,318.0,70.3,72.6,26.01,1.39,0.0,27.24,30.0,11.0,73.7,62.3,3259.7,12.86,266.0,31789916.0,91.02,5.0,4.64,156498.0,122,60.06,174.0,85.66,1578.0,776.83,1411.0,694.62,5081.0,2501.32,11571.0,5696.27,2215.0,1090.42,170.0,83.69,1617.17,9371.69
1450,Uniontownship,NJ,39.0,74480.0,7,50024,2.65,9.38,86.51,3.35,4.48,12.05,23.08,11.96,19.36,50024,100.0,42665,74.54,0.21,56.39,38.62,2.89,21.42,50451,18444,18858,14515,46000,18142,18581.0,16043,1887,3.89,10.57,25.17,21.5,4.56,61.39,16.26,23.01,10.93,27.94,5.54,30.2,7.82,6.78,3.06,82.26,79.94,95.3,84.62,62.9,69.45,506,1.46,7392,5.64,10.77,16.03,21.66,0.83,1.59,2.37,3.2,79.31,2.71,3.9,2.88,2.57,2.72,2.06,81.56,1.07,36.04,3,452,97.66,76.95,2.88,50.44,1951,0.64,0.23,152500,175600,200300,47800,437,549,694,257,630,26.4,23.4,16.0,15,0,14.78,68.69,71.3,82.42,95.77,114.0,222.09,102.0,198.71,25642.0,49954.2,224.9,222.1,89.14,96.49,2.63,0.0,0.0,2.63,6.0,11.0,45.2,9.4,5298.9,5.66,49.0,11230196.0,89.47,0.0,5.26,218780.0,1,1.95,8.0,15.59,140.0,272.74,61.0,118.84,408.0,794.84,1515.0,2951.43,782.0,1523.45,9.0,17.53,409.11,5287.25
1464,Syracusecity,NY,67.0,73000.0,7,163860,2.52,20.33,74.98,2.17,2.89,17.47,33.6,19.56,12.86,163860,100.0,21242,71.56,0.31,37.23,29.13,12.75,16.92,28012,11351,12532,8025,7697,8109,4309.0,5420,34402,22.7,11.07,28.84,21.98,8.17,54.12,12.84,35.02,12.71,28.67,10.68,47.42,13.38,12.15,3.08,51.68,48.23,56.0,55.76,56.25,64.81,11877,10.32,10576,22.06,29.07,34.14,37.65,1.42,1.88,2.2,2.43,89.12,1.73,6.23,3.52,2.33,2.56,2.16,45.25,2.72,53.58,2,6557,90.83,41.06,4.36,28.21,1939,8.54,0.5,52400,67600,86800,34400,264,347,424,160,409,29.6,20.1,14.7,405,52,6.45,72.43,46.42,78.94,88.4,448.0,280.7,342.0,214.28,170000.0,106514.3,379.5,280.7,81.68,93.3,6.7,0.0,0.0,6.7,34.0,4.0,93.8,26.0,6300.5,10.98,144.0,30301000.0,76.34,0.0,7.59,189852.3,18,11.28,79.0,49.5,561.0,351.5,703.0,440.47,2824.0,1769.39,6358.0,3983.63,572.0,358.39,116.0,72.68,852.74,6184.09
1467,Passaiccity,NJ,31.0,56550.0,7,58041,3.1,20.6,45.32,7.05,50.01,15.22,30.48,15.53,9.37,58041,100.0,26669,76.7,0.35,26.43,25.26,10.99,11.08,30708,11057,13900,9075,7627,12507,7347.0,7786,9794,17.02,23.34,44.38,14.2,10.94,60.74,36.22,15.64,32.68,15.71,8.94,39.71,13.81,11.46,3.6,60.31,54.81,66.99,59.24,65.45,71.62,5135,11.94,20997,25.73,39.28,51.45,63.51,9.31,14.21,18.61,22.98,37.54,21.03,14.27,10.36,3.06,3.28,2.98,30.05,16.89,69.23,2,884,95.49,28.08,2.26,46.49,1944,12.7,1.43,126800,165100,198500,71700,310,443,582,272,532,28.0,27.2,14.9,12,11,36.18,38.42,51.08,79.28,83.92,133.0,236.1,125.0,221.9,45625.0,80993.0,343.0,236.1,79.16,66.17,18.8,15.04,0.0,33.83,9.0,5.0,439.1,3.2,18056.6,12.48,70.0,7294671.0,93.98,0.0,6.77,129494.3,3,5.33,17.0,30.18,382.0,678.12,204.0,362.14,583.0,1034.94,1864.0,3308.95,673.0,1194.7,5.0,8.88,1075.77,5547.47
1470,Hartfordtown,CT,3.0,37070.0,7,139739,2.72,38.89,39.98,1.45,31.59,17.16,34.04,18.02,8.78,139739,100.0,22140,71.32,0.31,24.55,22.4,21.82,11.6,24774,11081,15140,9661,8364,9807,5682.0,6169,36397,27.51,18.0,40.56,14.44,10.73,54.05,15.22,27.13,15.93,21.06,12.64,52.37,17.49,15.22,3.29,35.63,30.32,33.53,38.38,48.87,56.43,21440,20.8,21442,16.61,26.04,36.19,46.66,2.55,4.0,5.55,7.16,60.57,9.74,9.35,5.67,2.55,2.76,2.49,25.54,9.2,73.14,2,4634,91.74,23.61,6.24,25.51,1949,14.47,1.42,107100,133800,161300,54200,318,443,528,210,504,29.1,23.9,14.8,701,26,15.34,43.76,44.91,79.37,82.12,443.0,356.69,404.0,325.29,338090.0,272222.91,763.2,356.7,70.0,69.98,16.25,13.77,0.0,30.02,53.0,7.0,404.2,17.9,7794.8,17.32,152.0,25432610.0,91.2,10.0,11.96,204778.0,30,24.16,99.0,79.71,1243.0,1000.84,1470.0,1183.61,3628.0,2921.19,8824.0,7104.9,2633.0,2120.04,227.0,182.78,2288.32,12328.9
1483,Waterburytown,CT,9.0,80070.0,7,108961,2.52,12.97,79.55,0.72,13.38,12.46,27.7,12.94,14.74,108961,100.0,30533,74.28,0.5,40.34,31.57,9.95,18.37,37942,14209,15550,9765,11210,12159,7001.0,7761,12922,12.09,15.26,33.18,14.11,7.77,59.92,27.06,22.88,18.48,22.31,9.79,34.44,12.71,11.36,3.1,64.25,59.5,71.13,69.69,54.74,66.16,5432,6.61,9461,4.97,9.9,16.61,21.53,0.43,0.86,1.44,1.87,76.38,4.39,5.13,3.43,2.48,2.65,2.31,52.41,3.31,58.77,2,4041,91.44,49.02,7.0,36.35,1953,5.26,0.5,107000,131800,155700,48700,286,404,505,219,492,26.8,23.2,13.9,98,7,8.68,66.6,55.75,85.71,91.74,315.0,304.28,285.0,275.3,94000.0,90801.1,298.4,304.3,98.6,80.95,6.03,13.02,0.0,19.05,28.0,6.0,98.4,29.6,3682.4,3.18,86.0,20654224.0,90.48,0.0,8.89,199513.41,20,19.32,39.0,37.67,288.0,278.2,239.0,230.87,1815.0,1753.23,4957.0,4788.31,1377.0,1330.14,12.0,11.59,566.06,7883.27
1505,Edisontownship,NJ,23.0,20230.0,7,88680,2.79,5.56,79.49,13.72,4.33,11.41,26.53,11.97,9.78,88680,100.0,50075,87.93,0.44,57.26,19.63,2.92,13.73,55837,20961,22245,15284,12926,16107,16946.0,17117,3014,3.46,5.5,15.51,33.82,4.46,69.26,18.2,22.92,10.11,35.1,6.19,30.12,8.32,7.29,3.17,85.86,83.61,95.37,85.47,57.67,66.79,441,0.77,15782,15.74,28.51,39.96,48.24,2.8,5.07,7.11,8.59,76.68,2.6,4.39,3.33,2.73,2.94,2.3,72.09,3.33,45.82,3,1061,96.77,66.9,0.94,28.18,1967,0.48,0.21,153700,186200,239300,85600,552,642,738,186,700,23.0,22.7,14.0,110,0,17.8,54.31,56.5,74.34,85.09,177.0,191.56,85.0,91.99,55519.0,60086.8,313.7,191.6,80.05,99.44,0.56,0.0,0.0,0.56,7.0,3.0,41.0,31.3,2836.3,10.02,32.0,9652142.0,48.02,0.0,3.95,104462.7,2,2.16,0.0,0.0,83.0,89.83,48.0,51.95,668.0,722.96,2162.0,2339.88,390.0,422.09,13.0,14.07,143.94,3498.99
1525,Poughkeepsiecity,NY,27.0,59641.0,7,28844,2.43,31.47,65.38,1.52,3.77,11.97,27.31,12.99,13.74,28844,100.0,27606,73.85,0.6,39.53,27.83,11.59,16.92,34211,14936,17866,8842,18629,20624,6330.0,10103,4132,14.71,12.72,31.55,21.78,6.99,59.16,20.93,33.43,12.27,29.15,10.25,42.0,14.12,12.33,3.05,53.33,49.03,68.39,57.87,60.42,67.51,2209,10.11,2878,13.72,23.87,37.18,42.81,1.37,2.38,3.71,4.27,88.7,1.52,5.96,3.55,2.36,2.47,2.29,42.07,4.6,59.36,2,1238,90.56,40.2,10.1,44.83,1939,10.8,0.2,101200,128700,156700,55500,344,459,559,215,522,28.1,21.0,15.4,37,0,9.98,70.79,51.04,84.46,91.89,111.0,377.74,87.0,296.07,27000.0,91883.6,243.2,377.7,65.98,66.27,0.6,0.0,0.0,0.6,4.0,6.0,171.6,5.3,5410.8,7.52,78.0,23910430.0,78.38,0.0,3.6,813695.12,10,34.03,11.0,37.43,172.0,585.33,131.0,445.81,520.0,1769.61,1204.0,4097.33,128.0,435.6,9.0,30.63,1102.6,6333.16
1531,Walthamcity,MA,17.0,72600.0,7,57878,2.79,3.07,91.37,3.55,5.6,17.73,36.43,21.69,11.54,57878,100.0,38514,81.64,0.62,47.45,24.46,5.3,15.31,45730,16777,17271,11180,11556,13502,8680.0,10432,3288,6.51,8.94,21.02,26.48,6.05,64.88,19.54,29.09,10.02,30.37,7.0,49.06,8.91,7.99,3.08,75.53,72.88,86.3,82.08,63.88,72.67,696,2.06,8758,16.85,26.72,33.76,40.71,2.55,4.04,5.11,6.16,81.28,3.12,5.25,3.23,2.42,2.81,2.1,53.22,2.76,57.72,2,995,95.42,45.94,2.21,27.94,1950,1.69,0.59,165600,191100,230700,65100,482,633,800,318,707,25.3,21.0,13.0,74,3,15.13,63.39,51.87,75.43,83.34,143.0,259.58,130.0,235.98,32989.0,59882.0,230.7,259.6,95.85,94.41,4.2,1.4,0.0,4.9,3.0,9.0,74.3,13.2,4399.8,5.88,34.0,7358580.0,90.91,0.0,2.1,133573.8,0,0.0,10.0,18.15,24.0,43.57,217.0,393.9,450.0,816.85,1118.0,2029.41,176.0,319.48,0.0,0.0,455.62,3165.73
1538,EastHartfordtown,CT,3.0,22630.0,7,50452,2.48,8.39,86.8,2.22,5.96,11.29,26.95,12.57,14.21,50452,100.0,36584,79.28,0.45,45.85,29.98,5.62,19.52,42853,16575,17240,12816,13941,12321,9608.0,11601,2683,5.41,10.02,26.18,13.58,5.28,66.15,20.34,15.39,14.27,21.61,10.65,33.66,13.29,12.02,2.97,70.28,67.29,76.74,71.54,69.24,75.01,1221,3.26,5417,8.86,18.02,24.74,29.83,0.95,1.93,2.66,3.2,81.89,2.04,3.21,2.16,2.43,2.61,2.17,63.84,2.03,51.49,2,931,95.62,59.52,2.04,24.7,1958,2.04,0.39,126200,146200,172100,45900,370,511,608,238,574,25.5,21.9,13.4,199,0,10.74,60.56,58.46,87.56,91.58,111.0,219.75,101.0,199.96,40925.0,81022.0,368.7,219.8,92.2,93.69,2.7,2.7,0.0,5.41,7.0,9.0,60.9,18.7,2702.4,5.95,40.0,7268989.0,90.99,0.0,6.31,143909.0,1,1.98,12.0,23.76,80.0,158.38,101.0,199.96,415.0,821.6,1440.0,2850.86,315.0,623.63,17.0,33.66,384.07,4329.75
1548,Milwaukeecity,WI,79.0,53000.0,7,628088,2.61,30.45,63.37,1.88,6.27,14.66,29.77,14.74,11.04,628088,100.0,23627,73.41,0.34,39.11,27.11,15.32,15.79,28292,11106,13645,6833,7448,6357,5668.0,6253,135583,22.22,9.81,28.5,14.83,8.88,58.32,22.24,24.82,18.94,21.31,11.53,41.21,14.72,13.25,3.21,52.28,47.51,56.66,53.19,58.1,65.79,57393,12.11,29667,15.64,21.18,28.38,36.89,0.74,1.0,1.34,1.74,89.06,1.88,7.89,4.98,2.53,2.69,2.41,47.45,4.39,56.2,2,13664,94.62,44.77,11.21,35.5,1949,5.49,0.8,41000,53500,66700,25700,265,342,424,159,418,28.0,20.6,14.2,512,54,4.72,68.96,50.45,85.91,91.28,1866.0,299.77,1525.0,244.99,324000.0,52051.0,173.6,299.8,79.55,82.53,11.79,4.39,0.0,16.08,44.0,12.0,220.0,99.4,6317.6,11.14,343.0,109734624.0,81.73,5.0,2.36,176289.91,157,25.22,424.0,68.12,4022.0,646.14,1411.0,226.68,8250.0,1325.37,25553.0,4105.12,10615.0,1705.31,512.0,82.25,966.16,7218.05
1567,Trentoncity,NJ,21.0,74000.0,8,88675,2.88,49.27,42.17,0.66,14.13,13.92,28.69,14.0,11.57,88675,100.0,25719,75.62,0.32,25.06,30.57,12.45,15.1,30733,11018,14113,8870,9018,11567,7798.0,7631,15348,18.05,16.44,41.82,10.53,10.86,55.81,15.91,24.67,18.5,17.65,13.46,44.91,16.26,14.92,3.41,47.36,39.24,54.34,50.03,64.66,71.82,9993,14.64,6695,16.42,25.11,37.54,47.69,1.24,1.9,2.83,3.6,78.43,4.8,11.32,7.53,2.76,2.89,2.63,53.46,7.97,49.34,3,2834,91.56,51.11,25.69,56.92,1939,10.69,0.99,52500,71300,90700,38200,252,387,495,243,451,26.9,21.1,15.2,367,8,7.55,63.07,59.35,88.32,92.39,358.0,421.78,288.0,339.31,136000.0,160228.09,379.9,421.8,58.93,83.24,13.41,3.35,0.0,16.76,20.0,14.0,102.5,7.9,11185.6,10.27,154.0,13920168.0,80.45,0.0,5.59,164000.09,11,12.96,109.0,128.42,717.0,844.73,916.0,1079.18,1710.0,2014.63,2608.0,3072.61,1852.0,2181.93,17.0,20.03,2065.29,7289.2
1581,Washingtoncity,DC,1.0,50000.0,8,606900,2.43,65.84,29.6,1.85,5.39,13.54,29.83,15.69,11.53,606900,100.0,30727,78.16,0.5,34.26,20.22,8.94,17.44,36256,18881,34563,12226,14095,16498,10468.0,12525,96278,16.87,9.56,26.85,33.31,7.03,61.62,4.29,33.61,7.37,39.1,13.67,50.76,16.18,15.03,3.15,41.96,33.58,52.23,44.32,66.58,72.92,70523,18.2,58887,23.98,36.96,48.35,57.55,2.33,3.59,4.69,5.58,87.49,2.55,8.96,4.6,2.26,2.5,2.12,42.91,8.25,67.33,2,28855,89.64,38.9,17.4,44.05,1947,4.22,0.81,86700,123900,258700,172000,317,441,618,301,479,25.4,20.5,12.8,4682,131,9.7,39.34,53.49,76.61,76.61,4506.0,813.36,4066.0,733.94,871531.0,157316.09,193.4,813.4,97.32,32.2,64.4,2.57,0.75,65.42,198.0,13.0,197.9,63.6,9538.9,37.3,590.0,208184992.0,90.24,0.0,4.39,375785.19,454,81.95,324.0,58.48,7107.0,1282.85,9003.0,1625.09,11532.0,2081.59,31466.0,5679.78,8060.0,1454.87,200.0,36.1,3048.38,9252.35
1615,Maldencity,MA,17.0,37875.0,8,53884,2.46,4.18,89.39,5.22,2.63,10.98,28.76,13.19,13.53,53884,100.0,34344,77.0,0.57,42.44,29.64,6.55,16.26,42099,15820,16225,13687,10648,11503,9327.0,12752,4029,7.55,7.2,22.12,20.12,7.65,64.52,13.93,24.7,11.79,28.64,7.34,38.7,10.7,9.14,3.11,72.56,70.83,84.53,77.18,61.8,67.69,1236,3.43,7316,19.41,28.7,38.97,49.51,2.64,3.9,5.29,6.72,83.65,3.04,5.15,3.19,2.43,2.85,2.1,50.86,2.59,60.99,2,1296,94.42,43.25,2.08,26.16,1939,1.61,0.26,139100,162900,187900,48800,393,575,711,318,651,26.7,22.1,14.7,128,4,13.58,74.16,57.97,81.99,91.11,117.0,224.63,111.0,213.11,21900.0,42046.7,187.2,224.6,91.1,98.29,1.71,0.0,0.0,1.71,4.0,2.0,128.2,5.3,10219.2,24.37,24.0,3888267.0,94.87,0.0,3.42,74652.3,2,3.84,12.0,23.04,76.0,145.92,372.0,714.22,453.0,869.73,822.0,1578.19,393.0,754.54,0.0,0.0,887.01,3202.46
1628,Bayonnecity,NJ,17.0,3580.0,8,61444,2.43,4.71,90.44,1.84,9.5,11.34,24.3,11.4,17.37,61444,100.0,31954,71.96,0.35,46.1,36.13,5.56,21.85,41164,16159,16794,8081,22523,13309,10525.0,11447,5391,8.79,11.39,29.95,16.61,5.88,58.48,15.92,19.27,14.89,25.08,7.64,34.54,10.12,8.96,3.06,72.52,70.85,85.86,70.83,48.29,64.52,1102,2.44,7391,10.89,18.2,26.02,33.07,1.31,2.19,3.13,3.98,78.06,3.7,4.31,2.84,2.42,2.68,2.24,44.91,2.99,59.69,2,1159,95.62,40.55,3.8,45.56,1940,2.62,0.43,128700,168500,209800,81100,290,413,549,259,479,22.4,21.9,14.5,0,5,12.03,71.88,68.49,91.58,93.45,169.0,270.0,154.0,246.03,66657.0,106492.7,394.4,270.0,94.59,95.86,1.78,2.37,0.0,2.96,8.0,9.0,47.3,5.8,10545.1,17.23,54.0,10350752.0,91.12,0.0,4.73,165366.0,0,0.0,6.0,9.59,105.0,167.75,194.0,309.94,335.0,535.2,1157.0,1848.45,249.0,397.81,5.0,7.99,487.27,2789.45
1629,Lynncity,MA,9.0,37490.0,8,81245,2.57,8.06,83.06,3.7,9.15,12.56,26.65,12.69,13.46,81245,100.0,28553,70.86,0.28,33.78,30.01,13.4,17.7,35830,13026,14184,9338,8366,6110,5265.0,6338,12756,15.91,10.02,26.81,14.33,9.34,57.14,22.05,22.71,15.06,21.71,10.18,37.77,13.68,12.04,3.21,61.08,57.28,66.21,65.62,56.75,63.55,3900,6.26,11237,20.04,33.76,45.57,54.84,2.77,4.67,6.3,7.58,79.37,5.45,6.97,4.47,2.53,2.81,2.29,51.31,4.28,62.17,2,3116,91.01,46.2,4.72,28.34,1939,5.22,0.71,115100,139200,163600,48500,310,507,633,323,574,29.4,24.3,14.9,202,164,13.83,73.81,55.72,83.6,90.25,152.0,192.64,143.0,181.23,64100.0,81238.0,421.7,192.6,93.59,89.47,7.24,3.29,0.0,10.53,6.0,11.0,384.2,11.2,7251.7,8.92,56.0,9023344.0,94.08,10.0,3.95,114358.5,8,10.14,19.0,24.08,371.0,470.19,994.0,1259.76,1824.0,2311.67,2301.0,2916.2,1564.0,1982.16,0.0,0.0,1764.17,7210.03
1631,Woodbridgetownship,NJ,23.0,82000.0,8,93086,2.78,6.46,86.61,5.47,5.56,10.81,25.74,11.46,12.38,93086,100.0,45516,83.31,0.56,51.6,27.56,3.55,19.0,50457,18213,18742,13936,16595,16484,11985.0,16184,2720,3.04,9.23,22.57,19.84,4.85,64.44,18.03,19.01,13.18,26.7,7.81,32.69,8.55,8.18,3.14,82.95,79.24,93.83,82.08,57.0,68.83,703,1.14,11371,10.53,19.36,29.5,37.8,1.29,2.36,3.6,4.62,81.6,1.96,4.47,3.37,2.68,2.86,2.21,77.7,2.32,42.2,3,1025,97.03,72.9,2.05,33.07,1958,0.99,0.2,134900,160000,182900,48000,538,633,745,207,693,25.1,23.0,15.5,43,0,12.22,65.6,66.03,80.75,91.7,173.0,178.37,161.0,166.0,70391.0,72577.0,406.9,178.4,88.92,97.69,0.0,2.31,0.0,2.31,6.0,10.0,5.8,23.9,3898.9,6.92,38.0,7548000.0,93.06,0.0,3.47,77824.1,3,3.09,15.0,15.47,108.0,111.35,270.0,278.38,665.0,685.65,2444.0,2519.9,718.0,740.3,21.0,21.65,408.3,3967.5
1649,Framinghamtown,MA,17.0,24925.0,8,64989,2.59,3.7,90.11,2.93,8.14,12.89,29.89,14.92,10.57,64972,100.0,42948,84.2,0.74,48.84,21.88,5.58,15.11,53270,20407,20915,15988,13493,23186,8226.0,10816,3663,5.96,5.0,13.9,36.38,6.42,68.32,18.29,27.63,7.24,38.21,7.99,36.48,11.03,9.62,3.03,76.83,75.16,82.84,75.26,66.86,74.38,1276,3.0,7604,20.67,31.69,41.23,46.7,2.42,3.71,4.82,5.46,83.72,3.32,3.6,2.35,2.44,2.76,2.08,60.65,2.61,48.76,3,1289,95.12,53.73,1.47,20.64,1962,2.03,0.49,157800,184700,232400,74600,415,626,757,342,695,25.7,21.4,13.6,92,0,11.7,62.45,55.47,78.51,87.73,108.0,160.28,100.0,148.41,61340.0,91034.6,568.0,160.3,78.1,73.72,3.65,0.73,0.0,3.65,6.0,6.0,94.8,26.0,2497.3,2.81,30.0,4780910.0,92.59,0.0,5.56,70953.4,0,0.0,29.0,43.04,36.0,53.43,594.0,881.55,457.0,678.23,1378.0,2045.09,234.0,347.28,4.0,5.94,978.02,3076.53
1670,Medfordcity,MA,17.0,39835.0,8,57407,2.63,4.07,93.41,2.01,1.72,13.31,29.49,15.44,15.05,57407,100.0,38859,77.13,0.53,47.55,32.16,5.73,18.38,45532,16941,17131,15590,15251,12047,12799.0,11484,3834,6.93,7.38,21.0,23.66,5.8,63.02,14.21,29.31,9.31,30.53,5.24,39.8,8.24,6.86,3.11,78.76,77.19,91.86,80.51,61.63,68.3,695,1.71,6773,14.0,18.65,21.39,25.78,1.65,2.2,2.52,3.04,84.05,2.13,4.85,3.28,2.54,2.79,2.21,62.69,1.16,49.95,3,821,96.38,57.1,0.97,38.0,1939,0.86,0.27,156600,182400,218900,62300,403,579,723,320,665,25.4,23.1,14.1,21,0,11.8,74.67,63.07,85.45,90.38,118.0,210.81,85.0,151.86,8100.0,14471.0,68.6,210.8,99.17,94.07,4.24,1.69,0.0,5.93,6.0,10.0,66.1,8.4,6809.5,16.88,20.0,6258274.0,72.03,0.0,5.08,111806.8,0,0.0,8.0,14.29,36.0,64.32,392.0,700.33,336.0,600.28,1045.0,1866.94,359.0,641.37,4.0,7.15,778.93,3115.73
1716,JerseyCitycity,NJ,17.0,36000.0,8,228537,2.77,29.69,48.25,11.36,24.24,13.95,30.31,14.41,10.02,228537,100.0,29054,76.0,0.39,30.64,23.5,12.15,12.14,32785,13060,16047,9935,15132,12720,8413.0,9117,42539,18.88,14.08,34.32,21.43,10.83,58.63,15.63,21.75,17.66,24.06,9.31,45.06,13.25,11.36,3.41,55.58,48.71,65.4,60.61,53.77,60.72,18010,11.07,56326,18.35,31.73,44.74,56.77,4.52,7.82,11.03,13.99,58.75,8.13,10.91,7.14,2.73,3.01,2.61,32.71,11.36,68.06,2,8342,90.8,29.62,9.39,39.85,1939,9.27,1.2,91800,127700,164400,72600,325,464,601,276,527,25.6,24.6,16.0,466,267,24.65,47.8,57.32,81.75,84.39,918.0,404.06,719.0,316.47,544460.0,239644.41,593.1,404.1,61.65,86.6,7.19,6.21,0.0,12.64,49.0,11.0,66.1,15.4,14826.6,37.29,277.0,55867940.0,78.32,0.0,5.34,245903.0,20,8.8,100.0,44.02,2500.0,1100.38,1964.0,864.46,4190.0,1844.23,6331.0,2786.59,3655.0,1608.75,59.0,25.97,2017.65,6265.54
1722,Racinecity,WI,101.0,66000.0,8,84298,2.65,18.45,76.37,0.54,8.13,13.53,26.95,12.08,11.63,84298,100.0,26540,75.0,0.36,43.85,29.86,11.71,19.27,31846,11858,13467,6604,7608,10474,6492.0,6486,13136,15.86,10.14,28.02,14.85,7.63,60.31,33.81,20.83,21.38,21.14,10.6,31.54,14.33,12.6,3.17,61.87,58.25,64.49,64.62,63.97,70.85,4936,7.24,3180,7.83,14.53,18.02,21.32,0.3,0.55,0.68,0.8,91.07,1.34,5.87,4.12,2.62,2.73,2.45,62.2,3.23,47.58,3,1389,95.81,59.62,6.26,38.66,1945,5.27,0.3,42300,52300,65200,22900,244,307,374,130,383,27.2,18.2,13.1,17,5,3.77,71.17,57.15,89.22,92.69,202.0,232.97,175.0,201.83,97154.0,112047.3,481.0,233.0,86.77,89.6,7.92,2.48,0.0,10.4,12.0,7.0,100.2,16.0,5270.5,3.41,49.0,11808030.0,86.63,5.0,5.94,136181.59,8,9.23,18.0,20.76,325.0,374.82,353.0,407.11,1288.0,1485.45,4014.0,4629.33,474.0,546.66,42.0,48.44,811.92,6709.88
1761,Binghamtoncity,NY,7.0,6607.0,8,53008,2.34,4.89,91.94,2.05,1.83,13.73,28.54,15.8,16.71,53008,100.0,20891,68.87,0.45,43.07,34.93,10.55,20.82,29169,12106,12572,7135,7117,6258,4676.0,8551,10291,19.98,9.83,26.12,19.83,8.21,52.77,19.68,30.96,13.4,27.52,11.37,39.25,13.93,12.76,2.95,62.93,61.71,67.84,71.37,53.71,64.21,1420,3.48,3151,23.9,30.75,37.04,41.29,1.42,1.83,2.2,2.45,90.32,1.21,4.07,2.42,2.25,2.49,2.07,48.99,1.37,53.42,2,2009,91.84,44.42,4.03,43.4,1939,7.18,0.83,57200,71500,93700,36500,246,316,381,135,361,29.3,19.7,13.3,80,4,5.94,74.57,51.42,82.92,92.67,136.0,266.41,126.0,246.82,33600.0,65817.8,247.1,266.4,91.94,100.0,0.0,0.0,0.0,0.0,6.0,11.0,58.8,10.8,4928.8,6.28,40.0,6803499.0,92.65,0.0,4.41,133271.3,3,5.88,18.0,35.26,62.0,121.45,62.0,121.45,329.0,644.47,2653.0,5196.87,6.0,11.75,9.0,17.63,284.04,5870.71
1783,Alexandriacity,VA,510.0,1000.0,9,111183,2.09,21.89,69.07,4.17,9.69,8.3,30.47,12.81,9.02,111183,100.0,41472,86.8,0.58,50.03,13.5,3.06,13.91,50812,25509,30740,13798,22573,16351,10647.0,12435,7732,7.09,6.0,13.09,48.55,3.5,76.42,4.36,28.44,5.46,47.71,12.82,42.34,15.93,14.47,2.83,65.23,60.72,77.59,61.34,69.69,76.46,4158,7.23,17998,27.26,41.56,55.32,66.07,4.41,6.73,8.96,10.69,81.13,4.98,4.71,2.22,2.04,2.09,2.01,41.45,5.0,71.17,2,4972,91.46,40.48,0.58,10.12,1963,2.21,0.34,161400,228600,327700,166300,570,667,825,255,701,25.4,22.2,12.0,381,2,16.19,22.05,36.8,54.42,66.59,257.0,225.41,225.0,197.34,78100.0,68499.8,303.9,225.4,83.86,84.44,12.06,1.56,1.17,14.79,26.0,9.0,219.6,15.8,7028.0,18.15,134.0,21941084.0,87.55,0.0,10.12,192440.3,9,7.89,33.0,28.94,376.0,329.78,334.0,292.94,921.0,807.79,5682.0,4983.55,969.0,849.89,31.0,27.19,659.56,6668.42
1791,Pittsburghcity,PA,3.0,61000.0,9,369879,2.41,25.78,72.13,1.61,0.94,14.56,28.47,16.03,16.14,369879,100.0,20747,67.59,0.31,39.11,34.54,13.75,18.81,27484,12580,14540,7311,12732,10506,6805.0,10784,75172,21.42,9.03,27.55,20.12,9.07,50.78,8.49,36.01,10.31,28.24,10.55,42.61,12.59,11.66,3.0,55.81,52.24,62.44,59.45,51.35,60.59,21464,7.78,16946,21.56,28.9,34.34,37.55,0.99,1.32,1.57,1.72,91.54,0.95,4.68,2.74,2.27,2.52,2.01,57.85,1.95,54.95,2,16676,90.2,52.25,13.33,51.04,1939,2.92,0.58,28400,41200,58500,30100,195,298,395,200,368,28.7,19.2,14.3,693,67,4.58,80.11,60.22,87.29,92.38,232.0,65.39,228.0,64.27,9596.0,2704.8,41.4,65.4,79.46,92.67,7.33,0.0,0.0,7.33,20.0,10.0,285.9,57.6,6417.5,22.57,115.0,10175260.0,98.28,0.0,8.62,28680.5,80,22.55,226.0,63.7,2784.0,784.71,1389.0,391.51,4611.0,1299.68,13017.0,3669.03,6506.0,1833.81,335.0,94.42,1262.47,6896.95
1795,Cliftoncity,NJ,31.0,13690.0,9,71742,2.47,1.4,92.76,3.5,6.8,10.56,23.01,10.97,18.96,71742,100.0,39905,75.39,0.62,53.95,37.02,3.23,20.22,48033,18950,19241,13412,8078,17846,12612.0,13044,3327,4.7,12.35,27.14,20.43,4.71,62.31,23.42,19.55,13.37,26.96,6.72,30.42,8.98,7.93,3.0,81.63,80.21,89.64,83.87,57.55,69.63,570,1.16,13659,10.68,16.65,25.51,32.02,2.03,3.17,4.86,6.1,71.84,3.97,3.93,2.71,2.44,2.65,2.11,66.1,2.13,51.65,2,958,96.81,60.81,0.42,41.54,1947,1.54,0.19,159600,185000,223700,64100,387,537,674,287,613,24.0,23.4,14.3,2,0,19.04,63.44,67.63,84.15,93.35,142.0,190.9,127.0,170.73,116500.0,156615.5,820.4,190.9,94.17,98.59,0.0,1.41,0.0,1.41,14.0,7.0,19.7,11.7,6124.7,5.66,64.0,6969433.0,89.44,0.0,9.86,93692.8,0,0.0,8.0,10.75,72.0,96.79,73.0,98.14,438.0,588.82,1402.0,1884.76,450.0,604.95,5.0,6.72,205.68,3085.26
1896,Plainfieldcity,NJ,39.0,59190.0,9,46567,3.07,65.65,26.5,1.06,15.02,14.15,29.29,14.33,8.68,46567,100.0,38463,82.99,0.17,30.78,21.76,9.13,11.85,42238,14742,19070,13496,13027,15418,9673.0,9252,5604,12.22,10.75,28.56,18.88,8.65,66.65,21.49,23.55,22.05,21.92,10.45,41.87,14.86,12.79,3.49,56.66,47.74,66.46,57.5,73.85,79.1,4120,12.27,7011,22.28,40.08,50.08,58.66,3.35,6.03,7.54,8.83,81.35,6.18,12.9,9.47,3.02,3.23,2.8,54.49,10.44,49.08,3,917,94.29,50.98,5.56,39.48,1948,7.43,0.68,107800,141400,174800,67000,443,558,658,215,627,27.0,25.0,15.2,4,16,15.06,50.04,56.58,79.36,88.3,126.0,279.84,115.0,255.41,54562.0,121181.6,433.0,279.8,70.15,56.35,34.13,8.73,0.79,38.89,8.0,6.0,80.2,6.3,7442.1,7.17,47.0,8111687.0,91.27,0.0,6.35,180159.59,9,19.99,28.0,62.19,377.0,837.31,296.0,657.41,924.0,2052.19,1609.0,3573.57,424.0,941.7,16.0,35.54,1576.9,6603.0
1984,WestNewYorktown,NJ,17.0,79610.0,9,38125,2.64,4.0,76.72,1.95,73.26,12.96,28.23,13.58,12.39,38125,100.0,26361,75.16,0.39,25.19,26.1,11.64,10.45,29342,12047,12367,12007,10126,17523,10040.0,10444,6238,16.4,31.16,50.1,12.38,8.59,61.0,31.7,12.43,30.22,15.84,10.2,36.0,16.03,13.27,3.19,64.55,58.76,74.34,58.5,53.68,61.13,1566,6.02,23028,12.55,20.16,27.83,41.66,7.58,12.18,16.81,25.16,18.47,31.34,7.1,4.96,2.64,2.72,2.62,23.32,14.99,79.82,2,1375,91.29,22.66,3.93,32.51,1946,7.31,1.25,127100,162000,199800,72700,272,394,575,303,439,25.4,26.3,15.0,0,2,60.4,23.33,56.82,81.55,83.21,100.0,272.13,90.0,244.92,31908.0,86831.6,319.1,272.1,91.72,85.0,0.0,15.0,0.0,15.0,5.0,8.0,186.7,1.1,36199.2,25.05,24.0,4878000.0,90.0,0.0,5.0,132745.5,1,2.72,3.0,8.16,112.0,304.79,93.0,253.08,599.0,1630.07,950.0,2585.25,364.0,990.56,29.0,78.92,568.75,5284.79
1990,SiouxFallscity,SD,99.0,59020.0,9,99405,2.53,0.73,96.82,0.68,0.57,13.7,29.2,13.92,10.29,99405,100.0,27123,81.64,2.15,44.67,23.84,4.79,12.73,34144,13574,13840,7414,4274,6405,4450.0,5754,8205,8.61,7.94,16.75,22.72,3.0,71.01,12.88,25.6,12.99,25.28,9.77,29.13,11.49,10.68,3.03,76.25,75.91,85.01,80.91,79.56,82.97,1239,1.7,1680,21.43,27.5,33.99,45.48,0.36,0.46,0.57,0.77,95.97,0.7,3.49,2.26,2.42,2.74,1.97,66.14,1.59,52.48,2,1741,95.76,58.45,1.67,26.13,1965,3.4,0.23,46000,59000,78100,32100,256,336,407,151,380,24.7,20.0,12.6,107,18,1.69,65.17,47.84,76.45,85.5,134.0,121.39,124.0,112.33,48521.0,43956.2,362.1,121.4,97.55,98.51,1.49,0.0,0.0,1.49,4.0,7.0,97.7,44.9,2213.7,0.56,61.0,4962893.0,92.54,0.0,2.99,44959.8,2,1.81,103.0,93.31,44.0,39.86,326.0,295.33,735.0,665.85,3470.0,3143.54,195.0,176.65,29.0,26.27,430.31,4012.32
1992,Chesapeakecity,VA,550.0,16000.0,9,151976,2.92,27.41,70.67,1.25,1.26,14.33,27.6,12.44,7.8,146527,96.41,35737,85.51,0.59,34.01,18.83,5.21,19.19,39093,13817,15256,10227,19359,10075,11951.0,12765,13329,8.97,7.95,22.89,16.9,4.23,67.88,14.72,21.81,12.16,26.44,9.42,26.28,12.24,10.87,3.22,76.7,71.01,82.69,76.22,65.15,73.04,4413,4.04,2652,10.52,15.5,21.23,27.07,0.18,0.27,0.37,0.47,96.17,0.41,5.02,4.03,2.87,2.93,2.71,74.48,2.78,30.99,3,3777,93.22,72.96,8.05,32.14,1975,4.18,0.44,68200,88200,117100,48900,299,399,489,190,494,26.7,23.9,13.1,5,0,1.75,58.1,48.07,67.38,86.38,261.0,143.1,229.0,125.55,122309.0,67057.2,468.6,143.1,82.16,88.51,10.73,0.38,0.38,11.49,12.0,6.0,13.2,352.9,430.6,1.03,226.0,8150502.0,87.74,10.0,4.6,44686.0,13,7.13,61.0,33.44,327.0,179.28,385.0,211.08,1612.0,883.8,4958.0,2718.28,490.0,268.65,95.0,52.08,430.93,3922.8
2014,Portsmouthcity,VA,740.0,64000.0,10,103907,2.68,47.33,51.21,0.8,1.31,13.98,28.08,13.58,12.82,103907,100.0,24601,76.39,0.29,25.79,26.67,10.41,22.15,28517,11158,14147,7935,10528,10842,8516.0,8903,17920,17.74,12.62,33.36,11.62,7.33,57.5,18.46,23.52,15.94,20.93,12.47,31.11,16.3,14.52,3.13,59.44,50.46,68.38,59.14,59.2,67.3,6631,7.93,1388,8.21,16.71,25.5,35.37,0.11,0.22,0.34,0.47,96.02,0.65,5.65,4.04,2.62,2.64,2.59,56.28,4.27,50.04,2,3542,91.62,55.87,7.65,39.16,1958,9.86,0.47,53800,67400,86400,32600,235,327,399,164,416,28.3,22.9,13.6,3,16,1.34,65.45,53.77,78.73,89.2,207.0,198.08,167.0,159.8,150000.0,143533.8,724.6,198.1,66.5,84.54,14.01,0.48,0.97,15.46,14.0,5.0,99.0,34.3,3026.2,3.49,181.0,10538438.0,80.68,0.0,6.76,100841.5,33,31.58,56.0,53.59,746.0,713.84,532.0,509.07,1720.0,1645.85,5008.0,4792.12,1252.0,1198.03,127.0,121.53,1308.07,7757.52
2055,Nashuacity,NH,11.0,50260.0,10,79662,2.57,1.62,95.15,1.93,3.02,12.12,28.51,12.71,9.14,79662,100.0,40505,84.8,1.18,50.24,20.88,4.16,12.92,46614,18010,18199,15181,11961,17049,9018.0,10798,5135,6.53,6.63,17.31,28.84,6.03,70.46,31.4,18.82,11.91,32.41,9.25,31.11,12.01,10.67,3.08,79.44,77.34,84.97,79.64,62.87,72.21,985,1.82,5573,18.27,25.46,32.08,40.66,1.28,1.78,2.24,2.84,84.94,1.75,3.68,2.49,2.53,2.74,2.25,62.46,1.59,51.12,2,2332,93.01,57.71,0.73,25.51,1969,3.73,0.3,116000,138800,166100,50100,440,574,686,246,645,26.0,23.2,14.8,26,2,7.0,37.01,47.72,71.02,73.34,158.0,196.43,137.0,170.32,61132.0,76001.7,386.9,196.4,97.05,98.1,0.63,1.27,0.0,1.9,8.0,6.0,159.7,32.0,2486.9,1.16,35.0,9732848.0,86.71,10.0,5.06,121002.6,3,3.73,26.0,32.32,13.0,16.16,26.0,32.32,380.0,472.43,1935.0,2405.67,266.0,330.7,35.0,43.51,84.54,3252.32
2075,Clevelandcity,OH,35.0,16000.0,10,505616,2.53,46.56,49.49,1.01,4.59,13.56,27.3,13.11,12.69,505616,100.0,17822,65.0,0.28,23.61,30.79,21.95,16.83,22448,9258,11161,7369,9015,7867,7305.0,6357,142217,28.67,12.53,41.24,8.06,14.0,47.78,23.12,23.61,22.65,16.4,14.82,39.67,17.9,16.49,3.21,47.21,41.5,51.6,49.78,48.14,55.61,50152,12.2,20975,10.92,16.64,22.39,27.98,0.45,0.69,0.93,1.16,88.89,1.98,7.77,4.85,2.48,2.65,2.32,51.24,2.89,54.91,2,24524,89.07,47.93,16.23,52.12,1939,8.97,0.75,30200,40900,53700,23500,161,237,306,145,322,29.3,19.3,13.6,589,105,4.15,67.87,59.0,92.11,94.64,1761.0,355.7,1472.0,297.33,1016537.0,205330.3,577.2,355.7,77.43,72.06,24.59,3.29,0.06,27.94,59.0,9.0,88.3,79.8,6336.3,14.25,550.0,99470664.0,83.59,5.0,3.35,200920.8,167,33.73,834.0,168.46,4297.0,867.95,3012.0,608.39,8031.0,1622.18,13494.0,2725.65,10170.0,2054.24,656.0,132.51,1678.54,6534.58
2086,WestAlliscity,WI,79.0,85300.0,10,63221,2.36,0.3,98.23,0.63,1.45,10.49,25.52,10.88,15.88,63221,100.0,29622,74.04,0.31,55.23,33.31,5.35,21.36,36085,13978,14082,4412,8196,10278,11276.0,9738,3258,5.25,7.3,20.84,12.36,4.01,64.0,23.12,21.36,16.66,20.58,9.69,28.96,11.56,10.69,2.96,75.37,75.27,86.42,77.01,69.84,76.85,788,1.63,1785,4.65,10.25,12.16,13.33,0.13,0.29,0.34,0.38,94.54,0.52,3.21,2.05,2.32,2.61,1.89,66.92,1.26,55.44,2,705,97.44,59.4,0.43,29.79,1951,1.12,0.47,53500,63100,73200,19700,323,391,465,142,446,23.5,21.6,14.9,0,0,2.82,84.64,58.44,88.83,96.2,130.0,210.52,124.0,200.8,47000.0,76109.7,361.5,210.5,98.86,98.46,0.0,0.0,0.77,0.77,13.0,14.0,38.5,11.7,5385.8,4.14,34.0,8050000.0,95.38,0.0,10.0,130358.0,2,3.24,8.0,12.95,78.0,126.31,58.0,93.92,423.0,684.99,2059.0,3334.25,265.0,429.13,42.0,68.01,236.43,4516.38
2097,VirginiaBeachcity,VA,810.0,82000.0,10,393069,2.9,13.91,80.5,4.33,3.09,14.92,32.58,15.46,5.44,389533,99.1,36271,89.64,0.5,40.64,14.03,3.04,16.87,39112,15242,16327,10726,12323,10821,10468.0,11025,22307,5.86,3.06,12.03,25.5,3.86,73.79,8.46,23.41,8.63,30.35,8.83,30.06,12.61,10.69,3.21,81.23,78.47,88.85,81.03,60.67,68.95,5599,2.35,20517,12.41,20.06,29.47,36.54,0.65,1.05,1.54,1.91,92.07,0.73,4.8,3.65,2.82,2.9,2.67,64.46,2.48,33.3,3,11471,92.2,62.49,0.68,28.06,1978,2.5,0.31,78800,96500,134000,55200,420,484,556,136,577,27.0,24.9,12.2,297,0,5.22,35.64,35.82,59.94,70.96,597.0,136.94,546.0,125.24,845915.0,194035.41,1416.9,136.9,91.22,88.78,8.04,1.51,1.17,10.72,47.0,9.0,109.1,257.3,1527.9,0.75,366.0,35618344.0,91.46,10.0,7.87,81701.1,22,5.05,181.0,41.52,631.0,144.74,414.0,94.96,3261.0,748.01,14812.0,3397.57,1195.0,274.11,200.0,45.88,286.27,4465.56
2116,CherryHilltownship,NJ,7.0,12280.0,10,69348,2.83,3.23,89.79,6.14,1.99,12.71,22.49,11.04,12.63,69359,100.0,54432,83.19,0.6,63.57,27.1,2.46,16.77,61080,24458,25156,19125,13965,18596,11634.0,21516,1723,2.52,3.83,12.48,40.91,3.16,64.5,12.39,29.48,4.93,43.99,5.28,27.07,7.94,6.68,3.16,87.04,85.7,96.07,83.94,53.95,65.17,313,0.61,6575,7.19,11.94,19.6,26.49,0.68,1.13,1.86,2.51,86.54,1.43,4.22,3.36,2.76,2.9,2.05,88.21,0.93,25.71,3,1257,95.13,84.1,1.43,53.78,1966,0.17,0.1,120600,149700,191700,71100,478,610,761,283,627,25.9,20.9,13.9,0,0,9.48,33.53,65.67,80.9,87.53,117.0,161.89,106.0,146.67,41633.0,57605.2,355.8,161.9,92.35,97.44,2.56,0.0,0.0,2.56,3.0,7.0,76.9,25.1,2760.0,6.99,69.0,5854350.0,90.6,0.0,2.56,81003.3,0,0.0,4.0,5.53,70.0,96.85,77.0,106.54,612.0,846.79,2158.0,2985.9,424.0,586.66,5.0,6.92,208.93,4426.27
2200,FallRivercity,MA,5.0,23000.0,10,92703,2.49,1.03,97.17,1.33,1.7,13.45,27.7,13.93,16.06,92472,99.75,22452,68.03,0.24,31.43,34.55,15.73,17.42,28972,10966,11071,7851,10843,6669,5365.0,6761,13017,14.28,33.08,53.3,8.43,9.93,55.4,32.56,20.47,28.06,15.82,8.65,30.81,12.05,10.52,3.06,68.09,66.48,69.82,75.14,63.97,69.64,2366,3.25,19207,5.96,10.85,15.3,19.99,1.23,2.25,3.17,4.14,62.66,8.24,4.0,2.69,2.44,2.78,2.27,37.65,2.49,59.98,2,3072,92.39,32.97,2.02,36.65,1939,3.62,0.61,101200,127800,156100,54900,179,277,388,209,351,24.5,21.8,14.1,62,1,20.72,70.2,60.28,92.56,94.15,236.0,262.48,206.0,229.11,130000.0,144584.2,550.8,262.5,98.19,97.88,2.12,0.0,0.0,2.12,14.0,4.0,148.3,32.1,2884.7,1.96,70.0,9600000.0,87.29,0.0,5.93,106769.9,1,1.11,9.0,10.01,56.0,62.28,510.0,567.21,334.0,371.47,707.0,786.32,419.0,466.01,0.0,0.0,640.62,1623.79
2207,WestHaventown,CT,9.0,82870.0,10,54021,2.54,12.43,84.12,2.03,3.57,11.86,27.72,13.18,13.39,54021,100.0,35723,81.36,0.65,40.72,28.21,4.89,16.83,41907,15810,16291,13643,14383,11474,11614.0,12975,3190,6.06,8.49,25.52,17.18,5.45,65.53,18.23,23.03,13.64,23.77,9.31,34.47,12.38,10.93,3.05,71.24,68.64,81.27,75.22,59.63,71.91,1311,3.55,4521,13.03,20.48,31.3,39.68,1.09,1.71,2.62,3.32,86.98,1.63,4.24,2.8,2.48,2.73,2.15,61.78,2.49,57.29,2,1395,93.85,56.06,0.86,24.44,1958,1.91,0.28,126300,147000,170700,44400,437,534,622,185,621,26.4,23.6,15.0,64,0,8.37,70.31,59.11,86.26,91.48,106.0,200.58,103.0,194.9,38789.0,73397.3,365.9,200.6,89.78,94.34,4.72,0.94,0.0,5.66,6.0,4.0,25.7,11.2,4812.3,3.35,35.0,6025642.0,97.17,0.0,5.66,114018.4,0,0.0,5.0,9.46,66.0,124.89,80.0,151.38,521.0,985.85,1721.0,3256.51,467.0,883.67,10.0,18.92,285.73,5144.94
